Running HiGHS 1.14.0 (git hash: n/a): Copyright (c) 2026 under MIT licence terms
Command line parsed using CLI11 2.5.0: Copyright (c) 2017-2025 University of Cincinnati
Set option time_limit to 60
Set option solution_file to "/var/folders/vw/gdr1xfp14098n0tnwkvtd8hw0000gp/T/des-highs-cli-2umj0am2/solution.txt"
LP model has 3 rows; 2 cols; 6 nonzeros
Coefficient ranges:
  Matrix  [1e+00, 3e+00]
  Cost    [3e+00, 4e+00]
  Bound   [0e+00, 0e+00]
  RHS     [2e+00, 1e+01]
Presolving model
3 rows, 2 cols, 6 nonzeros 0s
3 rows, 2 cols, 6 nonzeros 0s
Presolve reductions: rows 3(-0); columns 2(-0); nonzeros 6(-0) - Not reduced
Problem not reduced by presolve: solving the LP
Using dual simplex solver
  Iteration        Objective     Infeasibilities num(sum)
          0    -6.9999914868e+00 Ph1: 2(4); Du: 2(6.99999) 0.0s
          2     3.4000000000e+01 Pr: 0(0) 0.0s

Model name          : model
Model status        : Optimal
Simplex   iterations: 2
Objective value     :  3.4000000000e+01
P-D objective error :  1.0297720808e-16
HiGHS run time      :          0.00
Writing the solution to /var/folders/vw/gdr1xfp14098n0tnwkvtd8hw0000gp/T/des-highs-cli-2umj0am2/solution.txt
Running HiGHS 1.14.0 (git hash: n/a): Copyright (c) 2026 under MIT licence terms
Command line parsed using CLI11 2.5.0: Copyright (c) 2017-2025 University of Cincinnati
Set option time_limit to 60
Set option solution_file to "/var/folders/vw/gdr1xfp14098n0tnwkvtd8hw0000gp/T/des-highs-cli-71jtpbuf/solution.txt"
LP model has 3 rows; 2 cols; 6 nonzeros
Coefficient ranges:
  Matrix  [1e+00, 3e+00]
  Cost    [3e+00, 4e+00]
  Bound   [0e+00, 0e+00]
  RHS     [2e+00, 1e+01]
Presolving model
3 rows, 2 cols, 6 nonzeros 0s
3 rows, 2 cols, 6 nonzeros 0s
Presolve reductions: rows 3(-0); columns 2(-0); nonzeros 6(-0) - Not reduced
Problem not reduced by presolve: solving the LP
Using dual simplex solver
  Iteration        Objective     Infeasibilities num(sum)
          0    -6.9999914868e+00 Ph1: 2(4); Du: 2(6.99999) 0.0s
          2     3.4000000000e+01 Pr: 0(0) 0.0s

Model name          : model
Model status        : Optimal
Simplex   iterations: 2
Objective value     :  3.4000000000e+01
P-D objective error :  1.0297720808e-16
HiGHS run time      :          0.00
Writing the solution to /var/folders/vw/gdr1xfp14098n0tnwkvtd8hw0000gp/T/des-highs-cli-71jtpbuf/solution.txt
Running HiGHS 1.14.0 (git hash: n/a): Copyright (c) 2026 under MIT licence terms
Command line parsed using CLI11 2.5.0: Copyright (c) 2017-2025 University of Cincinnati
Set option time_limit to 60
Set option solution_file to "/var/folders/vw/gdr1xfp14098n0tnwkvtd8hw0000gp/T/des-highs-cli-us20xofo/solution.txt"
LP model has 1 row; 1 col; 1 nonzero
Coefficient ranges:
  Matrix  [1e+00, 1e+00]
  Cost    [1e+00, 1e+00]
  Bound   [0e+00, 0e+00]
  RHS     [2e+00, 2e+00]
Presolving model
0 rows, 0 cols, 0 nonzeros 0s
0 rows, 0 cols, 0 nonzeros 0s
Presolve reductions: rows 0(-1); columns 0(-1); nonzeros 0(-1) - Reduced to empty
Performed postsolve
Solving the original LP from the solution after postsolve

Model name          : model
Model status        : Optimal
Objective value     :  2.0000000000e+00
P-D objective error :  0.0000000000e+00
HiGHS run time      :          0.00
Writing the solution to /var/folders/vw/gdr1xfp14098n0tnwkvtd8hw0000gp/T/des-highs-cli-us20xofo/solution.txt
Running HiGHS 1.14.0 (git hash: n/a): Copyright (c) 2026 under MIT licence terms
Command line parsed using CLI11 2.5.0: Copyright (c) 2017-2025 University of Cincinnati
Set option time_limit to 60
Set option solution_file to "/var/folders/vw/gdr1xfp14098n0tnwkvtd8hw0000gp/T/des-highs-cli-kin33n_t/solution.txt"
LP model has 1 row; 1 col; 1 nonzero
Coefficient ranges:
  Matrix  [1e+00, 1e+00]
  Cost    [1e+00, 1e+00]
  Bound   [0e+00, 0e+00]
  RHS     [2e+00, 2e+00]
Presolving model
0 rows, 0 cols, 0 nonzeros 0s
0 rows, 0 cols, 0 nonzeros 0s
Presolve reductions: rows 0(-1); columns 0(-1); nonzeros 0(-1) - Reduced to empty
Performed postsolve
Solving the original LP from the solution after postsolve

Model name          : model
Model status        : Optimal
Objective value     :  2.0000000000e+00
P-D objective error :  0.0000000000e+00
HiGHS run time      :          0.00
Writing the solution to /var/folders/vw/gdr1xfp14098n0tnwkvtd8hw0000gp/T/des-highs-cli-kin33n_t/solution.txt
Running HiGHS 1.14.0 (git hash: n/a): Copyright (c) 2026 under MIT licence terms
Command line parsed using CLI11 2.5.0: Copyright (c) 2017-2025 University of Cincinnati
Set option time_limit to 60
Set option solution_file to "/var/folders/vw/gdr1xfp14098n0tnwkvtd8hw0000gp/T/des-highs-cli-ztht2gd2/solution.txt"
LP model has 1 row; 2 cols; 2 nonzeros
Coefficient ranges:
  Matrix  [1e+00, 1e+00]
  Cost    [1e+00, 1e+00]
  Bound   [4e+00, 4e+00]
  RHS     [4e+00, 4e+00]
Presolving model
1 rows, 0 cols, 0 nonzeros 0s
0 rows, 0 cols, 0 nonzeros 0s
Presolve reductions: rows 0(-1); columns 0(-2); nonzeros 0(-2) - Reduced to empty
Performed postsolve
Solving the original LP from the solution after postsolve
Using primal simplex solver
  Iteration        Objective     Infeasibilities num(sum)
          0     4.0000000337e+00 Pr: 0(0); Du: 1(1) 0.0s
          1     4.0000000000e+00 Pr: 0(0) 0.0s
Required 1 simplex iterations after postsolve

Model name          : model
Model status        : Optimal
Simplex   iterations: 1
Objective value     :  4.0000000000e+00
P-D objective error :  0.0000000000e+00
HiGHS run time      :          0.00
Writing the solution to /var/folders/vw/gdr1xfp14098n0tnwkvtd8hw0000gp/T/des-highs-cli-ztht2gd2/solution.txt
Running HiGHS 1.14.0 (git hash: n/a): Copyright (c) 2026 under MIT licence terms
Command line parsed using CLI11 2.5.0: Copyright (c) 2017-2025 University of Cincinnati
Set option time_limit to 60
Set option solution_file to "/var/folders/vw/gdr1xfp14098n0tnwkvtd8hw0000gp/T/des-highs-cli-3r185jkf/solution.txt"
LP model has 2 rows; 2 cols; 4 nonzeros
Coefficient ranges:
  Matrix  [1e+00, 1e+00]
  Cost    [1e+00, 1e+00]
  Bound   [4e+00, 4e+00]
  RHS     [4e+00, 4e+00]
Presolving model
2 rows, 2 cols, 4 nonzeros 0s
1 rows, 2 cols, 2 nonzeros 0s
0 rows, 0 cols, 0 nonzeros 0s
Presolve reductions: rows 0(-2); columns 0(-2); nonzeros 0(-4) - Reduced to empty
Performed postsolve
Solving the original LP from the solution after postsolve

Model name          : model
Model status        : Optimal
Objective value     :  0.0000000000e+00
P-D objective error :  0.0000000000e+00
HiGHS run time      :          0.00
Writing the solution to /var/folders/vw/gdr1xfp14098n0tnwkvtd8hw0000gp/T/des-highs-cli-3r185jkf/solution.txt
Running HiGHS 1.14.0 (git hash: n/a): Copyright (c) 2026 under MIT licence terms
Command line parsed using CLI11 2.5.0: Copyright (c) 2017-2025 University of Cincinnati
Set option time_limit to 60
Set option solution_file to "/var/folders/vw/gdr1xfp14098n0tnwkvtd8hw0000gp/T/des-highs-cli-_odhiusi/solution.txt"
MIP model has 1 row; 2 cols; 2 nonzeros; 2 integer variables (2 binary)
Coefficient ranges:
  Matrix  [1e+00, 2e+00]
  Cost    [6e+00, 1e+01]
  Bound   [1e+00, 1e+00]
  RHS     [2e+00, 2e+00]
Presolving model
1 rows, 0 cols, 0 nonzeros 0s
0 rows, 0 cols, 0 nonzeros 0s
Presolve reductions: rows 0(-1); columns 0(-2); nonzeros 0(-2) - Reduced to empty
Presolve: Optimal

Src: B => Branching; C => Central rounding; F => Feasibility pump; H => Heuristic;
     I => Shifting; J => Feasibility jump; L => Sub-MIP; P => Empty MIP; R => Randomized rounding;
     S => Solve LP; T => Evaluate node; U => Unbounded; X => User solution; Y => HiGHS solution;
     Z => ZI Round; l => Trivial lower; p => Trivial point; u => Trivial upper; z => Trivial zero

        Nodes      |    B&B Tree     |            Objective Bounds              |  Dynamic Constraints |       Work      
Src  Proc. InQueue |  Leaves   Expl. | BestBound       BestSol              Gap |   Cuts   InLp Confl. | LpIters     Time

         0       0         0   0.00%   10              10                 0.00%        0      0      0         0     0.0s

Solving report
  Model             model
  Status            Optimal
  Primal bound      10
  Dual bound        10
  Gap               0% (tolerance: 0.01%)
  P-D integral      0
  Solution status   feasible
                    10 (objective)
                    0 (bound viol.)
                    0 (int. viol.)
                    0 (row viol.)
  Timing            0.00
  Max sub-MIP depth 0
  Nodes             0
  Repair LPs        0
  LP iterations     0
Writing the solution to /var/folders/vw/gdr1xfp14098n0tnwkvtd8hw0000gp/T/des-highs-cli-_odhiusi/solution.txt
Running HiGHS 1.14.0 (git hash: n/a): Copyright (c) 2026 under MIT licence terms
Command line parsed using CLI11 2.5.0: Copyright (c) 2017-2025 University of Cincinnati
Set option time_limit to 60
Set option solution_file to "/var/folders/vw/gdr1xfp14098n0tnwkvtd8hw0000gp/T/des-highs-cli-no3qmpu3/solution.txt"
MIP model has 2 rows; 2 cols; 2 nonzeros; 2 integer variables (2 binary)
Coefficient ranges:
  Matrix  [1e+00, 1e+00]
  Cost    [1e+00, 1e+00]
  Bound   [1e+00, 1e+00]
  RHS     [1e+00, 1e+00]
Presolving model
1 rows, 0 cols, 0 nonzeros 0s
0 rows, 0 cols, 0 nonzeros 0s
Presolve reductions: rows 0(-2); columns 0(-2); nonzeros 0(-2) - Reduced to empty
Presolve: Optimal

Src: B => Branching; C => Central rounding; F => Feasibility pump; H => Heuristic;
     I => Shifting; J => Feasibility jump; L => Sub-MIP; P => Empty MIP; R => Randomized rounding;
     S => Solve LP; T => Evaluate node; U => Unbounded; X => User solution; Y => HiGHS solution;
     Z => ZI Round; l => Trivial lower; p => Trivial point; u => Trivial upper; z => Trivial zero

        Nodes      |    B&B Tree     |            Objective Bounds              |  Dynamic Constraints |       Work      
Src  Proc. InQueue |  Leaves   Expl. | BestBound       BestSol              Gap |   Cuts   InLp Confl. | LpIters     Time

         0       0         0   0.00%   1               1                  0.00%        0      0      0         0     0.0s

Solving report
  Model             model
  Status            Optimal
  Primal bound      1
  Dual bound        1
  Gap               0% (tolerance: 0.01%)
  P-D integral      0
  Solution status   feasible
                    1 (objective)
                    0 (bound viol.)
                    0 (int. viol.)
                    0 (row viol.)
  Timing            0.00
  Max sub-MIP depth 0
  Nodes             0
  Repair LPs        0
  LP iterations     0
Writing the solution to /var/folders/vw/gdr1xfp14098n0tnwkvtd8hw0000gp/T/des-highs-cli-no3qmpu3/solution.txt
Running HiGHS 1.14.0 (git hash: n/a): Copyright (c) 2026 under MIT licence terms
Command line parsed using CLI11 2.5.0: Copyright (c) 2017-2025 University of Cincinnati
Set option time_limit to 60
Set option solution_file to "/var/folders/vw/gdr1xfp14098n0tnwkvtd8hw0000gp/T/des-highs-cli-d8dsi1nn/solution.txt"
MIP model has 3 rows; 3 cols; 7 nonzeros; 3 integer variables (3 binary)
Coefficient ranges:
  Matrix  [1e+00, 1e+00]
  Cost    [3e+00, 4e+00]
  Bound   [1e+00, 1e+00]
  RHS     [1e+00, 1e+00]
Presolving model
3 rows, 3 cols, 7 nonzeros 0s
0 rows, 0 cols, 0 nonzeros 0s
Presolve reductions: rows 0(-3); columns 0(-3); nonzeros 0(-7) - Reduced to empty
Presolve: Optimal

Src: B => Branching; C => Central rounding; F => Feasibility pump; H => Heuristic;
     I => Shifting; J => Feasibility jump; L => Sub-MIP; P => Empty MIP; R => Randomized rounding;
     S => Solve LP; T => Evaluate node; U => Unbounded; X => User solution; Y => HiGHS solution;
     Z => ZI Round; l => Trivial lower; p => Trivial point; u => Trivial upper; z => Trivial zero

        Nodes      |    B&B Tree     |            Objective Bounds              |  Dynamic Constraints |       Work      
Src  Proc. InQueue |  Leaves   Expl. | BestBound       BestSol              Gap |   Cuts   InLp Confl. | LpIters     Time

         0       0         0   0.00%   4               4                  0.00%        0      0      0         0     0.0s

Solving report
  Model             model
  Status            Optimal
  Primal bound      4
  Dual bound        4
  Gap               0% (tolerance: 0.01%)
  P-D integral      0
  Solution status   feasible
                    4 (objective)
                    0 (bound viol.)
                    0 (int. viol.)
                    0 (row viol.)
  Timing            0.00
  Max sub-MIP depth 0
  Nodes             0
  Repair LPs        0
  LP iterations     0
Writing the solution to /var/folders/vw/gdr1xfp14098n0tnwkvtd8hw0000gp/T/des-highs-cli-d8dsi1nn/solution.txt
Running HiGHS 1.14.0 (git hash: n/a): Copyright (c) 2026 under MIT licence terms
Command line parsed using CLI11 2.5.0: Copyright (c) 2017-2025 University of Cincinnati
Set option time_limit to 60
Set option solution_file to "/var/folders/vw/gdr1xfp14098n0tnwkvtd8hw0000gp/T/des-highs-cli-oby0zsmb/solution.txt"
MIP model has 3 rows; 2 cols; 5 nonzeros; 1 integer variables (1 binary)
Coefficient ranges:
  Matrix  [1e+00, 1e+01]
  Cost    [1e+00, 1e+00]
  Bound   [1e+00, 1e+01]
  RHS     [1e+00, 1e+00]
Presolving model
2 rows, 2 cols, 4 nonzeros 0s
0 rows, 0 cols, 0 nonzeros 0s
Presolve reductions: rows 0(-3); columns 0(-2); nonzeros 0(-5) - Reduced to empty
Presolve: Optimal

Src: B => Branching; C => Central rounding; F => Feasibility pump; H => Heuristic;
     I => Shifting; J => Feasibility jump; L => Sub-MIP; P => Empty MIP; R => Randomized rounding;
     S => Solve LP; T => Evaluate node; U => Unbounded; X => User solution; Y => HiGHS solution;
     Z => ZI Round; l => Trivial lower; p => Trivial point; u => Trivial upper; z => Trivial zero

        Nodes      |    B&B Tree     |            Objective Bounds              |  Dynamic Constraints |       Work      
Src  Proc. InQueue |  Leaves   Expl. | BestBound       BestSol              Gap |   Cuts   InLp Confl. | LpIters     Time

         0       0         0   0.00%   5               5                  0.00%        0      0      0         0     0.0s

Solving report
  Model             model
  Status            Optimal
  Primal bound      5
  Dual bound        5
  Gap               0% (tolerance: 0.01%)
  P-D integral      0
  Solution status   feasible
                    5 (objective)
                    0 (bound viol.)
                    0 (int. viol.)
                    0 (row viol.)
  Timing            0.00
  Max sub-MIP depth 0
  Nodes             0
  Repair LPs        0
  LP iterations     0
Writing the solution to /var/folders/vw/gdr1xfp14098n0tnwkvtd8hw0000gp/T/des-highs-cli-oby0zsmb/solution.txt
Running HiGHS 1.14.0 (git hash: n/a): Copyright (c) 2026 under MIT licence terms
Command line parsed using CLI11 2.5.0: Copyright (c) 2017-2025 University of Cincinnati
Set option time_limit to 60
Set option solution_file to "/var/folders/vw/gdr1xfp14098n0tnwkvtd8hw0000gp/T/des-highs-cli-f1s4kh3o/solution.txt"
MIP model has 3 rows; 2 cols; 5 nonzeros; 2 integer variables (1 binary)
Coefficient ranges:
  Matrix  [1e+00, 7e+00]
  Cost    [1e+00, 1e+00]
  Bound   [1e+00, 7e+00]
  RHS     [1e+00, 1e+00]
Presolving model
2 rows, 2 cols, 4 nonzeros 0s
0 rows, 0 cols, 0 nonzeros 0s
Presolve reductions: rows 0(-3); columns 0(-2); nonzeros 0(-5) - Reduced to empty
Presolve: Optimal

Src: B => Branching; C => Central rounding; F => Feasibility pump; H => Heuristic;
     I => Shifting; J => Feasibility jump; L => Sub-MIP; P => Empty MIP; R => Randomized rounding;
     S => Solve LP; T => Evaluate node; U => Unbounded; X => User solution; Y => HiGHS solution;
     Z => ZI Round; l => Trivial lower; p => Trivial point; u => Trivial upper; z => Trivial zero

        Nodes      |    B&B Tree     |            Objective Bounds              |  Dynamic Constraints |       Work      
Src  Proc. InQueue |  Leaves   Expl. | BestBound       BestSol              Gap |   Cuts   InLp Confl. | LpIters     Time

         0       0         0   0.00%   3               3                  0.00%        0      0      0         0     0.0s

Solving report
  Model             model
  Status            Optimal
  Primal bound      3
  Dual bound        3
  Gap               0% (tolerance: 0.01%)
  P-D integral      0
  Solution status   feasible
                    3 (objective)
                    0 (bound viol.)
                    0 (int. viol.)
                    0 (row viol.)
  Timing            0.00
  Max sub-MIP depth 0
  Nodes             0
  Repair LPs        0
  LP iterations     0
Writing the solution to /var/folders/vw/gdr1xfp14098n0tnwkvtd8hw0000gp/T/des-highs-cli-f1s4kh3o/solution.txt
Running HiGHS 1.14.0 (git hash: n/a): Copyright (c) 2026 under MIT licence terms
Command line parsed using CLI11 2.5.0: Copyright (c) 2017-2025 University of Cincinnati
Set option time_limit to 60
Set option solution_file to "/var/folders/vw/gdr1xfp14098n0tnwkvtd8hw0000gp/T/des-highs-cli-l_ikek76/solution.txt"
MIP model has 3 rows; 2 cols; 4 nonzeros; 2 integer variables (1 binary)
Coefficient ranges:
  Matrix  [1e+00, 3e+00]
  Cost    [1e+00, 1e+00]
  Bound   [1e+00, 5e+00]
  RHS     [1e+00, 5e+00]
Presolving model
0 rows, 0 cols, 0 nonzeros 0s
0 rows, 0 cols, 0 nonzeros 0s
Presolve reductions: rows 0(-3); columns 0(-2); nonzeros 0(-4) - Reduced to empty
Presolve: Optimal

Src: B => Branching; C => Central rounding; F => Feasibility pump; H => Heuristic;
     I => Shifting; J => Feasibility jump; L => Sub-MIP; P => Empty MIP; R => Randomized rounding;
     S => Solve LP; T => Evaluate node; U => Unbounded; X => User solution; Y => HiGHS solution;
     Z => ZI Round; l => Trivial lower; p => Trivial point; u => Trivial upper; z => Trivial zero

        Nodes      |    B&B Tree     |            Objective Bounds              |  Dynamic Constraints |       Work      
Src  Proc. InQueue |  Leaves   Expl. | BestBound       BestSol              Gap |   Cuts   InLp Confl. | LpIters     Time

         0       0         0   0.00%   2               2                  0.00%        0      0      0         0     0.0s

Solving report
  Model             model
  Status            Optimal
  Primal bound      2
  Dual bound        2
  Gap               0% (tolerance: 0.01%)
  P-D integral      0
  Solution status   feasible
                    2 (objective)
                    0 (bound viol.)
                    0 (int. viol.)
                    0 (row viol.)
  Timing            0.00
  Max sub-MIP depth 0
  Nodes             0
  Repair LPs        0
  LP iterations     0
Writing the solution to /var/folders/vw/gdr1xfp14098n0tnwkvtd8hw0000gp/T/des-highs-cli-l_ikek76/solution.txt
Running HiGHS 1.14.0 (git hash: n/a): Copyright (c) 2026 under MIT licence terms
Command line parsed using CLI11 2.5.0: Copyright (c) 2017-2025 University of Cincinnati
Set option time_limit to 60
Set option solution_file to "/var/folders/vw/gdr1xfp14098n0tnwkvtd8hw0000gp/T/des-highs-cli-nowuma7r/solution.txt"
MIP model has 7 rows; 6 cols; 12 nonzeros; 3 integer variables (3 binary)
Coefficient ranges:
  Matrix  [1e+00, 1e+00]
  Cost    [3e+00, 7e+00]
  Bound   [1e+00, 1e+00]
  RHS     [1e+00, 1e+00]
Presolving model
4 rows, 6 cols, 9 nonzeros 0s
0 rows, 0 cols, 0 nonzeros 0s
Presolve reductions: rows 0(-7); columns 0(-6); nonzeros 0(-12) - Reduced to empty
Presolve: Optimal

Src: B => Branching; C => Central rounding; F => Feasibility pump; H => Heuristic;
     I => Shifting; J => Feasibility jump; L => Sub-MIP; P => Empty MIP; R => Randomized rounding;
     S => Solve LP; T => Evaluate node; U => Unbounded; X => User solution; Y => HiGHS solution;
     Z => ZI Round; l => Trivial lower; p => Trivial point; u => Trivial upper; z => Trivial zero

        Nodes      |    B&B Tree     |            Objective Bounds              |  Dynamic Constraints |       Work      
Src  Proc. InQueue |  Leaves   Expl. | BestBound       BestSol              Gap |   Cuts   InLp Confl. | LpIters     Time

         0       0         0   0.00%   7               7                  0.00%        0      0      0         0     0.0s

Solving report
  Model             model
  Status            Optimal
  Primal bound      7
  Dual bound        7
  Gap               0% (tolerance: 0.01%)
  P-D integral      0
  Solution status   feasible
                    7 (objective)
                    0 (bound viol.)
                    0 (int. viol.)
                    0 (row viol.)
  Timing            0.00
  Max sub-MIP depth 0
  Nodes             0
  Repair LPs        0
  LP iterations     0
Writing the solution to /var/folders/vw/gdr1xfp14098n0tnwkvtd8hw0000gp/T/des-highs-cli-nowuma7r/solution.txt
Running HiGHS 1.14.0 (git hash: n/a): Copyright (c) 2026 under MIT licence terms
Command line parsed using CLI11 2.5.0: Copyright (c) 2017-2025 University of Cincinnati
Set option time_limit to 60
Set option solution_file to "/var/folders/vw/gdr1xfp14098n0tnwkvtd8hw0000gp/T/des-highs-cli-i7jy4z6f/solution.txt"
MIP model has 7 rows; 6 cols; 12 nonzeros; 6 integer variables (6 binary)
Coefficient ranges:
  Matrix  [1e+00, 1e+00]
  Cost    [3e+00, 7e+00]
  Bound   [1e+00, 1e+00]
  RHS     [1e+00, 1e+00]
Presolving model
4 rows, 3 cols, 3 nonzeros 0s
0 rows, 0 cols, 0 nonzeros 0s
Presolve reductions: rows 0(-7); columns 0(-6); nonzeros 0(-12) - Reduced to empty
Presolve: Optimal

Src: B => Branching; C => Central rounding; F => Feasibility pump; H => Heuristic;
     I => Shifting; J => Feasibility jump; L => Sub-MIP; P => Empty MIP; R => Randomized rounding;
     S => Solve LP; T => Evaluate node; U => Unbounded; X => User solution; Y => HiGHS solution;
     Z => ZI Round; l => Trivial lower; p => Trivial point; u => Trivial upper; z => Trivial zero

        Nodes      |    B&B Tree     |            Objective Bounds              |  Dynamic Constraints |       Work      
Src  Proc. InQueue |  Leaves   Expl. | BestBound       BestSol              Gap |   Cuts   InLp Confl. | LpIters     Time

         0       0         0   0.00%   7               7                  0.00%        0      0      0         0     0.0s

Solving report
  Model             model
  Status            Optimal
  Primal bound      7
  Dual bound        7
  Gap               0% (tolerance: 0.01%)
  P-D integral      0
  Solution status   feasible
                    7 (objective)
                    0 (bound viol.)
                    0 (int. viol.)
                    0 (row viol.)
  Timing            0.00
  Max sub-MIP depth 0
  Nodes             0
  Repair LPs        0
  LP iterations     0
Writing the solution to /var/folders/vw/gdr1xfp14098n0tnwkvtd8hw0000gp/T/des-highs-cli-i7jy4z6f/solution.txt
Running HiGHS 1.14.0 (git hash: n/a): Copyright (c) 2026 under MIT licence terms
Command line parsed using CLI11 2.5.0: Copyright (c) 2017-2025 University of Cincinnati
Set option time_limit to 60
Set option solution_file to "/var/folders/vw/gdr1xfp14098n0tnwkvtd8hw0000gp/T/des-highs-cli-06sc_z9b/solution.txt"
MIP model has 9 rows; 5 cols; 18 nonzeros; 2 integer variables (2 binary)
Coefficient ranges:
  Matrix  [1e+00, 1e+00]
  Cost    [1e+00, 7e+00]
  Bound   [1e+00, 1e+00]
  RHS     [1e+00, 2e+00]
Presolving model
6 rows, 4 cols, 11 nonzeros 0s
3 rows, 4 cols, 7 nonzeros 0s
3 rows, 1 cols, 0 nonzeros 0s
0 rows, 0 cols, 0 nonzeros 0s
Presolve reductions: rows 0(-9); columns 0(-5); nonzeros 0(-18) - Reduced to empty
Presolve: Optimal

Src: B => Branching; C => Central rounding; F => Feasibility pump; H => Heuristic;
     I => Shifting; J => Feasibility jump; L => Sub-MIP; P => Empty MIP; R => Randomized rounding;
     S => Solve LP; T => Evaluate node; U => Unbounded; X => User solution; Y => HiGHS solution;
     Z => ZI Round; l => Trivial lower; p => Trivial point; u => Trivial upper; z => Trivial zero

        Nodes      |    B&B Tree     |            Objective Bounds              |  Dynamic Constraints |       Work      
Src  Proc. InQueue |  Leaves   Expl. | BestBound       BestSol              Gap |   Cuts   InLp Confl. | LpIters     Time

         0       0         0   0.00%   8               8                  0.00%        0      0      0         0     0.0s

Solving report
  Model             model
  Status            Optimal
  Primal bound      8
  Dual bound        8
  Gap               0% (tolerance: 0.01%)
  P-D integral      0
  Solution status   feasible
                    8 (objective)
                    0 (bound viol.)
                    0 (int. viol.)
                    0 (row viol.)
  Timing            0.00
  Max sub-MIP depth 0
  Nodes             0
  Repair LPs        0
  LP iterations     0
Writing the solution to /var/folders/vw/gdr1xfp14098n0tnwkvtd8hw0000gp/T/des-highs-cli-06sc_z9b/solution.txt
Running HiGHS 1.14.0 (git hash: n/a): Copyright (c) 2026 under MIT licence terms
Command line parsed using CLI11 2.5.0: Copyright (c) 2017-2025 University of Cincinnati
Set option time_limit to 60
Set option solution_file to "/var/folders/vw/gdr1xfp14098n0tnwkvtd8hw0000gp/T/des-highs-cli-3c_65szf/solution.txt"
MIP model has 9 rows; 5 cols; 18 nonzeros; 5 integer variables (5 binary)
Coefficient ranges:
  Matrix  [1e+00, 1e+00]
  Cost    [1e+00, 7e+00]
  Bound   [1e+00, 1e+00]
  RHS     [1e+00, 2e+00]
Presolving model
6 rows, 3 cols, 9 nonzeros 0s
1 rows, 2 cols, 2 nonzeros 0s
0 rows, 0 cols, 0 nonzeros 0s
Presolve reductions: rows 0(-9); columns 0(-5); nonzeros 0(-18) - Reduced to empty
Presolve: Optimal

Src: B => Branching; C => Central rounding; F => Feasibility pump; H => Heuristic;
     I => Shifting; J => Feasibility jump; L => Sub-MIP; P => Empty MIP; R => Randomized rounding;
     S => Solve LP; T => Evaluate node; U => Unbounded; X => User solution; Y => HiGHS solution;
     Z => ZI Round; l => Trivial lower; p => Trivial point; u => Trivial upper; z => Trivial zero

        Nodes      |    B&B Tree     |            Objective Bounds              |  Dynamic Constraints |       Work      
Src  Proc. InQueue |  Leaves   Expl. | BestBound       BestSol              Gap |   Cuts   InLp Confl. | LpIters     Time

         0       0         0   0.00%   8               8                  0.00%        0      0      0         0     0.0s

Solving report
  Model             model
  Status            Optimal
  Primal bound      8
  Dual bound        8
  Gap               0% (tolerance: 0.01%)
  P-D integral      0
  Solution status   feasible
                    8 (objective)
                    0 (bound viol.)
                    0 (int. viol.)
                    0 (row viol.)
  Timing            0.00
  Max sub-MIP depth 0
  Nodes             0
  Repair LPs        0
  LP iterations     0
Writing the solution to /var/folders/vw/gdr1xfp14098n0tnwkvtd8hw0000gp/T/des-highs-cli-3c_65szf/solution.txt
Running HiGHS 1.14.0 (git hash: n/a): Copyright (c) 2026 under MIT licence terms
Command line parsed using CLI11 2.5.0: Copyright (c) 2017-2025 University of Cincinnati
Set option time_limit to 60
Set option solution_file to "/var/folders/vw/gdr1xfp14098n0tnwkvtd8hw0000gp/T/des-highs-cli-yb9_ieks/solution.txt"
MIP model has 10 rows; 4 cols; 18 nonzeros; 4 integer variables (4 binary)
Coefficient ranges:
  Matrix  [1e+00, 1e+00]
  Cost    [1e+00, 2e+00]
  Bound   [1e+00, 1e+00]
  RHS     [1e+00, 1e+00]
Presolving model
0 rows, 0 cols, 0 nonzeros 0s
0 rows, 0 cols, 0 nonzeros 0s
Presolve reductions: rows 0(-10); columns 0(-4); nonzeros 0(-18) - Reduced to empty
Presolve: Optimal

Src: B => Branching; C => Central rounding; F => Feasibility pump; H => Heuristic;
     I => Shifting; J => Feasibility jump; L => Sub-MIP; P => Empty MIP; R => Randomized rounding;
     S => Solve LP; T => Evaluate node; U => Unbounded; X => User solution; Y => HiGHS solution;
     Z => ZI Round; l => Trivial lower; p => Trivial point; u => Trivial upper; z => Trivial zero

        Nodes      |    B&B Tree     |            Objective Bounds              |  Dynamic Constraints |       Work      
Src  Proc. InQueue |  Leaves   Expl. | BestBound       BestSol              Gap |   Cuts   InLp Confl. | LpIters     Time

         0       0         0   0.00%   1               1                  0.00%        0      0      0         0     0.0s

Solving report
  Model             model
  Status            Optimal
  Primal bound      1
  Dual bound        1
  Gap               0% (tolerance: 0.01%)
  P-D integral      0
  Solution status   feasible
                    1 (objective)
                    0 (bound viol.)
                    0 (int. viol.)
                    0 (row viol.)
  Timing            0.00
  Max sub-MIP depth 0
  Nodes             0
  Repair LPs        0
  LP iterations     0
Writing the solution to /var/folders/vw/gdr1xfp14098n0tnwkvtd8hw0000gp/T/des-highs-cli-yb9_ieks/solution.txt
Running HiGHS 1.14.0 (git hash: n/a): Copyright (c) 2026 under MIT licence terms
Command line parsed using CLI11 2.5.0: Copyright (c) 2017-2025 University of Cincinnati
Set option time_limit to 60
Set option solution_file to "/var/folders/vw/gdr1xfp14098n0tnwkvtd8hw0000gp/T/des-highs-cli-o3ogntxe/solution.txt"
MIP model has 12 rows; 8 cols; 28 nonzeros; 8 integer variables (8 binary)
Coefficient ranges:
  Matrix  [1e+00, 2e+00]
  Cost    [1e+00, 2e+00]
  Bound   [1e+00, 1e+00]
  RHS     [1e+00, 1e+00]
Presolving model
1 rows, 0 cols, 0 nonzeros 0s
0 rows, 0 cols, 0 nonzeros 0s
Presolve reductions: rows 0(-12); columns 0(-8); nonzeros 0(-28) - Reduced to empty
Presolve: Optimal

Src: B => Branching; C => Central rounding; F => Feasibility pump; H => Heuristic;
     I => Shifting; J => Feasibility jump; L => Sub-MIP; P => Empty MIP; R => Randomized rounding;
     S => Solve LP; T => Evaluate node; U => Unbounded; X => User solution; Y => HiGHS solution;
     Z => ZI Round; l => Trivial lower; p => Trivial point; u => Trivial upper; z => Trivial zero

        Nodes      |    B&B Tree     |            Objective Bounds              |  Dynamic Constraints |       Work      
Src  Proc. InQueue |  Leaves   Expl. | BestBound       BestSol              Gap |   Cuts   InLp Confl. | LpIters     Time

         0       0         0   0.00%   2               2                  0.00%        0      0      0         0     0.0s

Solving report
  Model             model
  Status            Optimal
  Primal bound      2
  Dual bound        2
  Gap               0% (tolerance: 0.01%)
  P-D integral      0
  Solution status   feasible
                    2 (objective)
                    0 (bound viol.)
                    0 (int. viol.)
                    0 (row viol.)
  Timing            0.00
  Max sub-MIP depth 0
  Nodes             0
  Repair LPs        0
  LP iterations     0
Writing the solution to /var/folders/vw/gdr1xfp14098n0tnwkvtd8hw0000gp/T/des-highs-cli-o3ogntxe/solution.txt
Running HiGHS 1.14.0 (git hash: n/a): Copyright (c) 2026 under MIT licence terms
Command line parsed using CLI11 2.5.0: Copyright (c) 2017-2025 University of Cincinnati
Set option time_limit to 60
Set option solution_file to "/var/folders/vw/gdr1xfp14098n0tnwkvtd8hw0000gp/T/des-highs-cli-5fb7ovml/solution.txt"
MIP model has 4 rows; 4 cols; 12 nonzeros; 4 integer variables (4 binary)
Coefficient ranges:
  Matrix  [1e+00, 1e+00]
  Cost    [2e+00, 5e+00]
  Bound   [1e+00, 1e+00]
  RHS     [1e+00, 2e+00]
Presolving model
4 rows, 4 cols, 12 nonzeros 0s
1 rows, 2 cols, 2 nonzeros 0s
0 rows, 0 cols, 0 nonzeros 0s
Presolve reductions: rows 0(-4); columns 0(-4); nonzeros 0(-12) - Reduced to empty
Presolve: Optimal

Src: B => Branching; C => Central rounding; F => Feasibility pump; H => Heuristic;
     I => Shifting; J => Feasibility jump; L => Sub-MIP; P => Empty MIP; R => Randomized rounding;
     S => Solve LP; T => Evaluate node; U => Unbounded; X => User solution; Y => HiGHS solution;
     Z => ZI Round; l => Trivial lower; p => Trivial point; u => Trivial upper; z => Trivial zero

        Nodes      |    B&B Tree     |            Objective Bounds              |  Dynamic Constraints |       Work      
Src  Proc. InQueue |  Leaves   Expl. | BestBound       BestSol              Gap |   Cuts   InLp Confl. | LpIters     Time

         0       0         0   0.00%   8               8                  0.00%        0      0      0         0     0.0s

Solving report
  Model             model
  Status            Optimal
  Primal bound      8
  Dual bound        8
  Gap               0% (tolerance: 0.01%)
  P-D integral      0
  Solution status   feasible
                    8 (objective)
                    0 (bound viol.)
                    0 (int. viol.)
                    0 (row viol.)
  Timing            0.00
  Max sub-MIP depth 0
  Nodes             0
  Repair LPs        0
  LP iterations     0
Writing the solution to /var/folders/vw/gdr1xfp14098n0tnwkvtd8hw0000gp/T/des-highs-cli-5fb7ovml/solution.txt
Running HiGHS 1.14.0 (git hash: n/a): Copyright (c) 2026 under MIT licence terms
Command line parsed using CLI11 2.5.0: Copyright (c) 2017-2025 University of Cincinnati
Set option time_limit to 60
Set option solution_file to "/var/folders/vw/gdr1xfp14098n0tnwkvtd8hw0000gp/T/des-highs-cli-gozp6huz/solution.txt"
MIP model has 3 rows; 3 cols; 7 nonzeros; 3 integer variables (3 binary)
Coefficient ranges:
  Matrix  [1e+00, 1e+00]
  Cost    [2e+00, 4e+00]
  Bound   [1e+00, 1e+00]
  RHS     [1e+00, 1e+00]
Presolving model
2 rows, 2 cols, 4 nonzeros 0s
0 rows, 0 cols, 0 nonzeros 0s
Presolve reductions: rows 0(-3); columns 0(-3); nonzeros 0(-7) - Reduced to empty
Presolve: Optimal

Src: B => Branching; C => Central rounding; F => Feasibility pump; H => Heuristic;
     I => Shifting; J => Feasibility jump; L => Sub-MIP; P => Empty MIP; R => Randomized rounding;
     S => Solve LP; T => Evaluate node; U => Unbounded; X => User solution; Y => HiGHS solution;
     Z => ZI Round; l => Trivial lower; p => Trivial point; u => Trivial upper; z => Trivial zero

        Nodes      |    B&B Tree     |            Objective Bounds              |  Dynamic Constraints |       Work      
Src  Proc. InQueue |  Leaves   Expl. | BestBound       BestSol              Gap |   Cuts   InLp Confl. | LpIters     Time

         0       0         0   0.00%   9               9                  0.00%        0      0      0         0     0.0s

Solving report
  Model             model
  Status            Optimal
  Primal bound      9
  Dual bound        9
  Gap               0% (tolerance: 0.01%)
  P-D integral      0
  Solution status   feasible
                    9 (objective)
                    0 (bound viol.)
                    0 (int. viol.)
                    0 (row viol.)
  Timing            0.00
  Max sub-MIP depth 0
  Nodes             0
  Repair LPs        0
  LP iterations     0
Writing the solution to /var/folders/vw/gdr1xfp14098n0tnwkvtd8hw0000gp/T/des-highs-cli-gozp6huz/solution.txt
Running HiGHS 1.14.0 (git hash: n/a): Copyright (c) 2026 under MIT licence terms
Command line parsed using CLI11 2.5.0: Copyright (c) 2017-2025 University of Cincinnati
Set option time_limit to 60
Set option solution_file to "/var/folders/vw/gdr1xfp14098n0tnwkvtd8hw0000gp/T/des-highs-cli-_5q9kykr/solution.txt"
MIP model has 12 rows; 19 cols; 108 nonzeros; 19 integer variables (16 binary)
Coefficient ranges:
  Matrix  [1e+00, 9e+00]
  Cost    [1e+00, 1e+00]
  Bound   [1e+00, 9e+00]
  RHS     [1e+00, 3e+00]
Presolving model
8 rows, 13 cols, 72 nonzeros 0s
4 rows, 13 cols, 36 nonzeros 0s
3 rows, 0 cols, 0 nonzeros 0s
0 rows, 0 cols, 0 nonzeros 0s
Presolve reductions: rows 0(-12); columns 0(-19); nonzeros 0(-108) - Reduced to empty
Presolve: Optimal

Src: B => Branching; C => Central rounding; F => Feasibility pump; H => Heuristic;
     I => Shifting; J => Feasibility jump; L => Sub-MIP; P => Empty MIP; R => Randomized rounding;
     S => Solve LP; T => Evaluate node; U => Unbounded; X => User solution; Y => HiGHS solution;
     Z => ZI Round; l => Trivial lower; p => Trivial point; u => Trivial upper; z => Trivial zero

        Nodes      |    B&B Tree     |            Objective Bounds              |  Dynamic Constraints |       Work      
Src  Proc. InQueue |  Leaves   Expl. | BestBound       BestSol              Gap |   Cuts   InLp Confl. | LpIters     Time

         0       0         0   0.00%   6               6                  0.00%        0      0      0         0     0.0s

Solving report
  Model             model
  Status            Optimal
  Primal bound      6
  Dual bound        6
  Gap               0% (tolerance: 0.01%)
  P-D integral      0
  Solution status   feasible
                    6 (objective)
                    0 (bound viol.)
                    0 (int. viol.)
                    0 (row viol.)
  Timing            0.00
  Max sub-MIP depth 0
  Nodes             0
  Repair LPs        0
  LP iterations     0
Writing the solution to /var/folders/vw/gdr1xfp14098n0tnwkvtd8hw0000gp/T/des-highs-cli-_5q9kykr/solution.txt
Running HiGHS 1.14.0 (git hash: n/a): Copyright (c) 2026 under MIT licence terms
Command line parsed using CLI11 2.5.0: Copyright (c) 2017-2025 University of Cincinnati
Set option time_limit to 60
Set option solution_file to "/var/folders/vw/gdr1xfp14098n0tnwkvtd8hw0000gp/T/des-highs-cli-22kpsf9l/solution.txt"
MIP model has 20 rows; 140 cols; 984 nonzeros; 140 integer variables (136 binary)
Coefficient ranges:
  Matrix  [1e+00, 8e+00]
  Cost    [1e+00, 1e+00]
  Bound   [1e+00, 2e+01]
  RHS     [1e+00, 8e+00]
Presolving model
16 rows, 104 cols, 728 nonzeros 0s
8 rows, 0 cols, 0 nonzeros 0s
0 rows, 0 cols, 0 nonzeros 0s
Presolve reductions: rows 0(-20); columns 0(-140); nonzeros 0(-984) - Reduced to empty
Presolve: Optimal

Src: B => Branching; C => Central rounding; F => Feasibility pump; H => Heuristic;
     I => Shifting; J => Feasibility jump; L => Sub-MIP; P => Empty MIP; R => Randomized rounding;
     S => Solve LP; T => Evaluate node; U => Unbounded; X => User solution; Y => HiGHS solution;
     Z => ZI Round; l => Trivial lower; p => Trivial point; u => Trivial upper; z => Trivial zero

        Nodes      |    B&B Tree     |            Objective Bounds              |  Dynamic Constraints |       Work      
Src  Proc. InQueue |  Leaves   Expl. | BestBound       BestSol              Gap |   Cuts   InLp Confl. | LpIters     Time

         0       0         0   0.00%   9               9                  0.00%        0      0      0         0     0.0s

Solving report
  Model             model
  Status            Optimal
  Primal bound      9
  Dual bound        9
  Gap               0% (tolerance: 0.01%)
  P-D integral      0
  Solution status   feasible
                    9 (objective)
                    0 (bound viol.)
                    0 (int. viol.)
                    0 (row viol.)
  Timing            0.00
  Max sub-MIP depth 0
  Nodes             0
  Repair LPs        0
  LP iterations     0
Writing the solution to /var/folders/vw/gdr1xfp14098n0tnwkvtd8hw0000gp/T/des-highs-cli-22kpsf9l/solution.txt
Running HiGHS 1.14.0 (git hash: n/a): Copyright (c) 2026 under MIT licence terms
Command line parsed using CLI11 2.5.0: Copyright (c) 2017-2025 University of Cincinnati
Set option time_limit to 60
Set option solution_file to "/var/folders/vw/gdr1xfp14098n0tnwkvtd8hw0000gp/T/des-highs-cli-khm45mix/solution.txt"
MIP model has 8 rows; 3 cols; 16 nonzeros; 1 integer variables (1 binary)
Coefficient ranges:
  Matrix  [1e+00, 1e+01]
  Cost    [1e+00, 1e+00]
  Bound   [1e+00, 9e+00]
  RHS     [2e+00, 5e+00]
Presolving model
0 rows, 0 cols, 0 nonzeros 0s
0 rows, 0 cols, 0 nonzeros 0s
Presolve reductions: rows 0(-8); columns 0(-3); nonzeros 0(-16) - Reduced to empty
Presolve: Optimal

Src: B => Branching; C => Central rounding; F => Feasibility pump; H => Heuristic;
     I => Shifting; J => Feasibility jump; L => Sub-MIP; P => Empty MIP; R => Randomized rounding;
     S => Solve LP; T => Evaluate node; U => Unbounded; X => User solution; Y => HiGHS solution;
     Z => ZI Round; l => Trivial lower; p => Trivial point; u => Trivial upper; z => Trivial zero

        Nodes      |    B&B Tree     |            Objective Bounds              |  Dynamic Constraints |       Work      
Src  Proc. InQueue |  Leaves   Expl. | BestBound       BestSol              Gap |   Cuts   InLp Confl. | LpIters     Time

         0       0         0   0.00%   3               3                  0.00%        0      0      0         0     0.0s

Solving report
  Model             model
  Status            Optimal
  Primal bound      3
  Dual bound        3
  Gap               0% (tolerance: 0.01%)
  P-D integral      0
  Solution status   feasible
                    3 (objective)
                    0 (bound viol.)
                    0 (int. viol.)
                    0 (row viol.)
  Timing            0.00
  Max sub-MIP depth 0
  Nodes             0
  Repair LPs        0
  LP iterations     0
Writing the solution to /var/folders/vw/gdr1xfp14098n0tnwkvtd8hw0000gp/T/des-highs-cli-khm45mix/solution.txt
Running HiGHS 1.14.0 (git hash: n/a): Copyright (c) 2026 under MIT licence terms
Command line parsed using CLI11 2.5.0: Copyright (c) 2017-2025 University of Cincinnati
Set option time_limit to 60
Set option solution_file to "/var/folders/vw/gdr1xfp14098n0tnwkvtd8hw0000gp/T/des-highs-cli-3opo7k7y/solution.txt"
MIP model has 8 rows; 3 cols; 16 nonzeros; 3 integer variables (1 binary)
Coefficient ranges:
  Matrix  [1e+00, 1e+01]
  Cost    [1e+00, 1e+00]
  Bound   [1e+00, 9e+00]
  RHS     [2e+00, 5e+00]
Presolving model
0 rows, 0 cols, 0 nonzeros 0s
0 rows, 0 cols, 0 nonzeros 0s
Presolve reductions: rows 0(-8); columns 0(-3); nonzeros 0(-16) - Reduced to empty
Presolve: Optimal

Src: B => Branching; C => Central rounding; F => Feasibility pump; H => Heuristic;
     I => Shifting; J => Feasibility jump; L => Sub-MIP; P => Empty MIP; R => Randomized rounding;
     S => Solve LP; T => Evaluate node; U => Unbounded; X => User solution; Y => HiGHS solution;
     Z => ZI Round; l => Trivial lower; p => Trivial point; u => Trivial upper; z => Trivial zero

        Nodes      |    B&B Tree     |            Objective Bounds              |  Dynamic Constraints |       Work      
Src  Proc. InQueue |  Leaves   Expl. | BestBound       BestSol              Gap |   Cuts   InLp Confl. | LpIters     Time

         0       0         0   0.00%   3               3                  0.00%        0      0      0         0     0.0s

Solving report
  Model             model
  Status            Optimal
  Primal bound      3
  Dual bound        3
  Gap               0% (tolerance: 0.01%)
  P-D integral      0
  Solution status   feasible
                    3 (objective)
                    0 (bound viol.)
                    0 (int. viol.)
                    0 (row viol.)
  Timing            0.00
  Max sub-MIP depth 0
  Nodes             0
  Repair LPs        0
  LP iterations     0
Writing the solution to /var/folders/vw/gdr1xfp14098n0tnwkvtd8hw0000gp/T/des-highs-cli-3opo7k7y/solution.txt
Running HiGHS 1.14.0 (git hash: n/a): Copyright (c) 2026 under MIT licence terms
Command line parsed using CLI11 2.5.0: Copyright (c) 2017-2025 University of Cincinnati
Set option time_limit to 60
Set option solution_file to "/var/folders/vw/gdr1xfp14098n0tnwkvtd8hw0000gp/T/des-highs-cli-3zkbbwd6/solution.txt"
MIP model has 9 rows; 5 cols; 16 nonzeros; 2 integer variables (2 binary)
Coefficient ranges:
  Matrix  [1e+00, 7e+00]
  Cost    [1e+00, 1e+00]
  Bound   [1e+00, 7e+00]
  RHS     [1e+00, 7e+00]
Presolving model
0 rows, 0 cols, 0 nonzeros 0s
0 rows, 0 cols, 0 nonzeros 0s
Presolve reductions: rows 0(-9); columns 0(-5); nonzeros 0(-16) - Reduced to empty
Presolve: Optimal

Src: B => Branching; C => Central rounding; F => Feasibility pump; H => Heuristic;
     I => Shifting; J => Feasibility jump; L => Sub-MIP; P => Empty MIP; R => Randomized rounding;
     S => Solve LP; T => Evaluate node; U => Unbounded; X => User solution; Y => HiGHS solution;
     Z => ZI Round; l => Trivial lower; p => Trivial point; u => Trivial upper; z => Trivial zero

        Nodes      |    B&B Tree     |            Objective Bounds              |  Dynamic Constraints |       Work      
Src  Proc. InQueue |  Leaves   Expl. | BestBound       BestSol              Gap |   Cuts   InLp Confl. | LpIters     Time

         0       0         0   0.00%   4               4                  0.00%        0      0      0         0     0.0s

Solving report
  Model             model
  Status            Optimal
  Primal bound      4
  Dual bound        4
  Gap               0% (tolerance: 0.01%)
  P-D integral      0
  Solution status   feasible
                    4 (objective)
                    0 (bound viol.)
                    0 (int. viol.)
                    0 (row viol.)
  Timing            0.00
  Max sub-MIP depth 0
  Nodes             0
  Repair LPs        0
  LP iterations     0
Writing the solution to /var/folders/vw/gdr1xfp14098n0tnwkvtd8hw0000gp/T/des-highs-cli-3zkbbwd6/solution.txt
Running HiGHS 1.14.0 (git hash: n/a): Copyright (c) 2026 under MIT licence terms
Command line parsed using CLI11 2.5.0: Copyright (c) 2017-2025 University of Cincinnati
Set option time_limit to 60
Set option solution_file to "/var/folders/vw/gdr1xfp14098n0tnwkvtd8hw0000gp/T/des-highs-cli-uhosxqmh/solution.txt"
MIP model has 9 rows; 5 cols; 16 nonzeros; 5 integer variables (2 binary)
Coefficient ranges:
  Matrix  [1e+00, 7e+00]
  Cost    [1e+00, 1e+00]
  Bound   [1e+00, 7e+00]
  RHS     [1e+00, 7e+00]
Presolving model
0 rows, 0 cols, 0 nonzeros 0s
0 rows, 0 cols, 0 nonzeros 0s
Presolve reductions: rows 0(-9); columns 0(-5); nonzeros 0(-16) - Reduced to empty
Presolve: Optimal

Src: B => Branching; C => Central rounding; F => Feasibility pump; H => Heuristic;
     I => Shifting; J => Feasibility jump; L => Sub-MIP; P => Empty MIP; R => Randomized rounding;
     S => Solve LP; T => Evaluate node; U => Unbounded; X => User solution; Y => HiGHS solution;
     Z => ZI Round; l => Trivial lower; p => Trivial point; u => Trivial upper; z => Trivial zero

        Nodes      |    B&B Tree     |            Objective Bounds              |  Dynamic Constraints |       Work      
Src  Proc. InQueue |  Leaves   Expl. | BestBound       BestSol              Gap |   Cuts   InLp Confl. | LpIters     Time

         0       0         0   0.00%   4               4                  0.00%        0      0      0         0     0.0s

Solving report
  Model             model
  Status            Optimal
  Primal bound      4
  Dual bound        4
  Gap               0% (tolerance: 0.01%)
  P-D integral      0
  Solution status   feasible
                    4 (objective)
                    0 (bound viol.)
                    0 (int. viol.)
                    0 (row viol.)
  Timing            0.00
  Max sub-MIP depth 0
  Nodes             0
  Repair LPs        0
  LP iterations     0
Writing the solution to /var/folders/vw/gdr1xfp14098n0tnwkvtd8hw0000gp/T/des-highs-cli-uhosxqmh/solution.txt
Running HiGHS 1.14.0 (git hash: n/a): Copyright (c) 2026 under MIT licence terms
Command line parsed using CLI11 2.5.0: Copyright (c) 2017-2025 University of Cincinnati
Set option time_limit to 60
Set option solution_file to "/var/folders/vw/gdr1xfp14098n0tnwkvtd8hw0000gp/T/des-highs-cli-x2hki0vf/solution.txt"
MIP model has 9 rows; 5 cols; 16 nonzeros; 2 integer variables (2 binary)
Coefficient ranges:
  Matrix  [1e+00, 7e+00]
  Cost    [1e+00, 1e+00]
  Bound   [1e+00, 7e+00]
  RHS     [1e+00, 7e+00]
Presolving model
0 rows, 0 cols, 0 nonzeros 0s
0 rows, 0 cols, 0 nonzeros 0s
Presolve reductions: rows 0(-9); columns 0(-5); nonzeros 0(-16) - Reduced to empty
Presolve: Optimal

Src: B => Branching; C => Central rounding; F => Feasibility pump; H => Heuristic;
     I => Shifting; J => Feasibility jump; L => Sub-MIP; P => Empty MIP; R => Randomized rounding;
     S => Solve LP; T => Evaluate node; U => Unbounded; X => User solution; Y => HiGHS solution;
     Z => ZI Round; l => Trivial lower; p => Trivial point; u => Trivial upper; z => Trivial zero

        Nodes      |    B&B Tree     |            Objective Bounds              |  Dynamic Constraints |       Work      
Src  Proc. InQueue |  Leaves   Expl. | BestBound       BestSol              Gap |   Cuts   InLp Confl. | LpIters     Time

         0       0         0   0.00%   3               3                  0.00%        0      0      0         0     0.0s

Solving report
  Model             model
  Status            Optimal
  Primal bound      3
  Dual bound        3
  Gap               0% (tolerance: 0.01%)
  P-D integral      0
  Solution status   feasible
                    3 (objective)
                    0 (bound viol.)
                    0 (int. viol.)
                    0 (row viol.)
  Timing            0.00
  Max sub-MIP depth 0
  Nodes             0
  Repair LPs        0
  LP iterations     0
Writing the solution to /var/folders/vw/gdr1xfp14098n0tnwkvtd8hw0000gp/T/des-highs-cli-x2hki0vf/solution.txt
Running HiGHS 1.14.0 (git hash: n/a): Copyright (c) 2026 under MIT licence terms
Command line parsed using CLI11 2.5.0: Copyright (c) 2017-2025 University of Cincinnati
Set option time_limit to 60
Set option solution_file to "/var/folders/vw/gdr1xfp14098n0tnwkvtd8hw0000gp/T/des-highs-cli-5ttlzbhi/solution.txt"
MIP model has 9 rows; 5 cols; 16 nonzeros; 5 integer variables (2 binary)
Coefficient ranges:
  Matrix  [1e+00, 7e+00]
  Cost    [1e+00, 1e+00]
  Bound   [1e+00, 7e+00]
  RHS     [1e+00, 7e+00]
Presolving model
0 rows, 0 cols, 0 nonzeros 0s
0 rows, 0 cols, 0 nonzeros 0s
Presolve reductions: rows 0(-9); columns 0(-5); nonzeros 0(-16) - Reduced to empty
Presolve: Optimal

Src: B => Branching; C => Central rounding; F => Feasibility pump; H => Heuristic;
     I => Shifting; J => Feasibility jump; L => Sub-MIP; P => Empty MIP; R => Randomized rounding;
     S => Solve LP; T => Evaluate node; U => Unbounded; X => User solution; Y => HiGHS solution;
     Z => ZI Round; l => Trivial lower; p => Trivial point; u => Trivial upper; z => Trivial zero

        Nodes      |    B&B Tree     |            Objective Bounds              |  Dynamic Constraints |       Work      
Src  Proc. InQueue |  Leaves   Expl. | BestBound       BestSol              Gap |   Cuts   InLp Confl. | LpIters     Time

         0       0         0   0.00%   3               3                  0.00%        0      0      0         0     0.0s

Solving report
  Model             model
  Status            Optimal
  Primal bound      3
  Dual bound        3
  Gap               0% (tolerance: 0.01%)
  P-D integral      0
  Solution status   feasible
                    3 (objective)
                    0 (bound viol.)
                    0 (int. viol.)
                    0 (row viol.)
  Timing            0.00
  Max sub-MIP depth 0
  Nodes             0
  Repair LPs        0
  LP iterations     0
Writing the solution to /var/folders/vw/gdr1xfp14098n0tnwkvtd8hw0000gp/T/des-highs-cli-5ttlzbhi/solution.txt
Running HiGHS 1.14.0 (git hash: n/a): Copyright (c) 2026 under MIT licence terms
Command line parsed using CLI11 2.5.0: Copyright (c) 2017-2025 University of Cincinnati
Set option time_limit to 60
Set option solution_file to "/var/folders/vw/gdr1xfp14098n0tnwkvtd8hw0000gp/T/des-highs-cli-sqz8v3g3/solution.txt"
MIP model has 18 rows; 7 cols; 38 nonzeros; 2 integer variables (2 binary)
Coefficient ranges:
  Matrix  [1e+00, 8e+00]
  Cost    [1e+00, 1e+00]
  Bound   [1e+00, 8e+00]
  RHS     [2e+00, 7e+00]
Presolving model
0 rows, 0 cols, 0 nonzeros 0s
0 rows, 0 cols, 0 nonzeros 0s
Presolve reductions: rows 0(-18); columns 0(-7); nonzeros 0(-38) - Reduced to empty
Presolve: Optimal

Src: B => Branching; C => Central rounding; F => Feasibility pump; H => Heuristic;
     I => Shifting; J => Feasibility jump; L => Sub-MIP; P => Empty MIP; R => Randomized rounding;
     S => Solve LP; T => Evaluate node; U => Unbounded; X => User solution; Y => HiGHS solution;
     Z => ZI Round; l => Trivial lower; p => Trivial point; u => Trivial upper; z => Trivial zero

        Nodes      |    B&B Tree     |            Objective Bounds              |  Dynamic Constraints |       Work      
Src  Proc. InQueue |  Leaves   Expl. | BestBound       BestSol              Gap |   Cuts   InLp Confl. | LpIters     Time

         0       0         0   0.00%   5               5                  0.00%        0      0      0         0     0.0s

Solving report
  Model             model
  Status            Optimal
  Primal bound      5
  Dual bound        5
  Gap               0% (tolerance: 0.01%)
  P-D integral      0
  Solution status   feasible
                    5 (objective)
                    0 (bound viol.)
                    0 (int. viol.)
                    0 (row viol.)
  Timing            0.00
  Max sub-MIP depth 0
  Nodes             0
  Repair LPs        0
  LP iterations     0
Writing the solution to /var/folders/vw/gdr1xfp14098n0tnwkvtd8hw0000gp/T/des-highs-cli-sqz8v3g3/solution.txt
Running HiGHS 1.14.0 (git hash: n/a): Copyright (c) 2026 under MIT licence terms
Command line parsed using CLI11 2.5.0: Copyright (c) 2017-2025 University of Cincinnati
Set option time_limit to 60
Set option solution_file to "/var/folders/vw/gdr1xfp14098n0tnwkvtd8hw0000gp/T/des-highs-cli-iqze6_k8/solution.txt"
MIP model has 18 rows; 7 cols; 38 nonzeros; 7 integer variables (2 binary)
Coefficient ranges:
  Matrix  [1e+00, 8e+00]
  Cost    [1e+00, 1e+00]
  Bound   [1e+00, 8e+00]
  RHS     [2e+00, 7e+00]
Presolving model
0 rows, 0 cols, 0 nonzeros 0s
0 rows, 0 cols, 0 nonzeros 0s
Presolve reductions: rows 0(-18); columns 0(-7); nonzeros 0(-38) - Reduced to empty
Presolve: Optimal

Src: B => Branching; C => Central rounding; F => Feasibility pump; H => Heuristic;
     I => Shifting; J => Feasibility jump; L => Sub-MIP; P => Empty MIP; R => Randomized rounding;
     S => Solve LP; T => Evaluate node; U => Unbounded; X => User solution; Y => HiGHS solution;
     Z => ZI Round; l => Trivial lower; p => Trivial point; u => Trivial upper; z => Trivial zero

        Nodes      |    B&B Tree     |            Objective Bounds              |  Dynamic Constraints |       Work      
Src  Proc. InQueue |  Leaves   Expl. | BestBound       BestSol              Gap |   Cuts   InLp Confl. | LpIters     Time

         0       0         0   0.00%   5               5                  0.00%        0      0      0         0     0.0s

Solving report
  Model             model
  Status            Optimal
  Primal bound      5
  Dual bound        5
  Gap               0% (tolerance: 0.01%)
  P-D integral      0
  Solution status   feasible
                    5 (objective)
                    0 (bound viol.)
                    0 (int. viol.)
                    0 (row viol.)
  Timing            0.00
  Max sub-MIP depth 0
  Nodes             0
  Repair LPs        0
  LP iterations     0
Writing the solution to /var/folders/vw/gdr1xfp14098n0tnwkvtd8hw0000gp/T/des-highs-cli-iqze6_k8/solution.txt
Running HiGHS 1.14.0 (git hash: n/a): Copyright (c) 2026 under MIT licence terms
Command line parsed using CLI11 2.5.0: Copyright (c) 2017-2025 University of Cincinnati
Set option time_limit to 60
Set option solution_file to "/var/folders/vw/gdr1xfp14098n0tnwkvtd8hw0000gp/T/des-highs-cli-7bktak09/solution.txt"
MIP model has 21 rows; 9 cols; 44 nonzeros; 4 integer variables (4 binary)
Coefficient ranges:
  Matrix  [1e+00, 8e+00]
  Cost    [1e+00, 1e+00]
  Bound   [1e+00, 8e+00]
  RHS     [1e+00, 7e+00]
Presolving model
0 rows, 0 cols, 0 nonzeros 0s
0 rows, 0 cols, 0 nonzeros 0s
Presolve reductions: rows 0(-21); columns 0(-9); nonzeros 0(-44) - Reduced to empty
Presolve: Optimal

Src: B => Branching; C => Central rounding; F => Feasibility pump; H => Heuristic;
     I => Shifting; J => Feasibility jump; L => Sub-MIP; P => Empty MIP; R => Randomized rounding;
     S => Solve LP; T => Evaluate node; U => Unbounded; X => User solution; Y => HiGHS solution;
     Z => ZI Round; l => Trivial lower; p => Trivial point; u => Trivial upper; z => Trivial zero

        Nodes      |    B&B Tree     |            Objective Bounds              |  Dynamic Constraints |       Work      
Src  Proc. InQueue |  Leaves   Expl. | BestBound       BestSol              Gap |   Cuts   InLp Confl. | LpIters     Time

         0       0         0   0.00%   3               3                  0.00%        0      0      0         0     0.0s

Solving report
  Model             model
  Status            Optimal
  Primal bound      3
  Dual bound        3
  Gap               0% (tolerance: 0.01%)
  P-D integral      0
  Solution status   feasible
                    3 (objective)
                    0 (bound viol.)
                    0 (int. viol.)
                    0 (row viol.)
  Timing            0.00
  Max sub-MIP depth 0
  Nodes             0
  Repair LPs        0
  LP iterations     0
Writing the solution to /var/folders/vw/gdr1xfp14098n0tnwkvtd8hw0000gp/T/des-highs-cli-7bktak09/solution.txt
Running HiGHS 1.14.0 (git hash: n/a): Copyright (c) 2026 under MIT licence terms
Command line parsed using CLI11 2.5.0: Copyright (c) 2017-2025 University of Cincinnati
Set option time_limit to 60
Set option solution_file to "/var/folders/vw/gdr1xfp14098n0tnwkvtd8hw0000gp/T/des-highs-cli-bofrixx6/solution.txt"
MIP model has 21 rows; 9 cols; 44 nonzeros; 9 integer variables (4 binary)
Coefficient ranges:
  Matrix  [1e+00, 8e+00]
  Cost    [1e+00, 1e+00]
  Bound   [1e+00, 8e+00]
  RHS     [1e+00, 7e+00]
Presolving model
0 rows, 0 cols, 0 nonzeros 0s
0 rows, 0 cols, 0 nonzeros 0s
Presolve reductions: rows 0(-21); columns 0(-9); nonzeros 0(-44) - Reduced to empty
Presolve: Optimal

Src: B => Branching; C => Central rounding; F => Feasibility pump; H => Heuristic;
     I => Shifting; J => Feasibility jump; L => Sub-MIP; P => Empty MIP; R => Randomized rounding;
     S => Solve LP; T => Evaluate node; U => Unbounded; X => User solution; Y => HiGHS solution;
     Z => ZI Round; l => Trivial lower; p => Trivial point; u => Trivial upper; z => Trivial zero

        Nodes      |    B&B Tree     |            Objective Bounds              |  Dynamic Constraints |       Work      
Src  Proc. InQueue |  Leaves   Expl. | BestBound       BestSol              Gap |   Cuts   InLp Confl. | LpIters     Time

         0       0         0   0.00%   3               3                  0.00%        0      0      0         0     0.0s

Solving report
  Model             model
  Status            Optimal
  Primal bound      3
  Dual bound        3
  Gap               0% (tolerance: 0.01%)
  P-D integral      0
  Solution status   feasible
                    3 (objective)
                    0 (bound viol.)
                    0 (int. viol.)
                    0 (row viol.)
  Timing            0.00
  Max sub-MIP depth 0
  Nodes             0
  Repair LPs        0
  LP iterations     0
Writing the solution to /var/folders/vw/gdr1xfp14098n0tnwkvtd8hw0000gp/T/des-highs-cli-bofrixx6/solution.txt
Running HiGHS 1.14.0 (git hash: n/a): Copyright (c) 2026 under MIT licence terms
Command line parsed using CLI11 2.5.0: Copyright (c) 2017-2025 University of Cincinnati
Set option time_limit to 60
Set option solution_file to "/var/folders/vw/gdr1xfp14098n0tnwkvtd8hw0000gp/T/des-highs-cli-xxovo0i0/solution.txt"
MIP model has 11 rows; 7 cols; 26 nonzeros; 2 integer variables (2 binary)
Coefficient ranges:
  Matrix  [1e+00, 4e+00]
  Cost    [1e+00, 1e+00]
  Bound   [1e+00, 4e+00]
  RHS     [1e+00, 2e+00]
Presolving model
8 rows, 3 cols, 14 nonzeros 0s
3 rows, 2 cols, 6 nonzeros 0s
0 rows, 0 cols, 0 nonzeros 0s
0 rows, 0 cols, 0 nonzeros 0s
Presolve reductions: rows 0(-11); columns 0(-7); nonzeros 0(-26) - Reduced to empty
Presolve: Optimal

Src: B => Branching; C => Central rounding; F => Feasibility pump; H => Heuristic;
     I => Shifting; J => Feasibility jump; L => Sub-MIP; P => Empty MIP; R => Randomized rounding;
     S => Solve LP; T => Evaluate node; U => Unbounded; X => User solution; Y => HiGHS solution;
     Z => ZI Round; l => Trivial lower; p => Trivial point; u => Trivial upper; z => Trivial zero

        Nodes      |    B&B Tree     |            Objective Bounds              |  Dynamic Constraints |       Work      
Src  Proc. InQueue |  Leaves   Expl. | BestBound       BestSol              Gap |   Cuts   InLp Confl. | LpIters     Time

         0       0         0   0.00%   2.5             2.5                0.00%        0      0      0         0     0.0s

Solving report
  Model             model
  Status            Optimal
  Primal bound      2.5
  Dual bound        2.5
  Gap               0% (tolerance: 0.01%)
  P-D integral      0
  Solution status   feasible
                    2.5 (objective)
                    0 (bound viol.)
                    0 (int. viol.)
                    0 (row viol.)
  Timing            0.00
  Max sub-MIP depth 0
  Nodes             0
  Repair LPs        0
  LP iterations     0
Writing the solution to /var/folders/vw/gdr1xfp14098n0tnwkvtd8hw0000gp/T/des-highs-cli-xxovo0i0/solution.txt
Running HiGHS 1.14.0 (git hash: n/a): Copyright (c) 2026 under MIT licence terms
Command line parsed using CLI11 2.5.0: Copyright (c) 2017-2025 University of Cincinnati
Set option time_limit to 60
Set option solution_file to "/var/folders/vw/gdr1xfp14098n0tnwkvtd8hw0000gp/T/des-highs-cli-_jcmilan/solution.txt"
MIP model has 15 rows; 12 cols; 45 nonzeros; 12 integer variables (9 binary)
Coefficient ranges:
  Matrix  [1e+00, 2e+00]
  Cost    [1e+00, 1e+02]
  Bound   [1e+00, 2e+00]
  RHS     [1e+00, 1e+00]
Presolving model
15 rows, 12 cols, 45 nonzeros 0s
9 rows, 12 cols, 27 nonzeros 0s
9 rows, 12 cols, 27 nonzeros 0s
Presolve reductions: rows 9(-6); columns 12(-0); nonzeros 27(-18) 
Objective function is integral with scale 1

Solving MIP model with:
   9 rows
   12 cols (9 binary, 3 integer, 0 implied int., 0 continuous, 0 domain fixed)
   27 nonzeros

Src: B => Branching; C => Central rounding; F => Feasibility pump; H => Heuristic;
     I => Shifting; J => Feasibility jump; L => Sub-MIP; P => Empty MIP; R => Randomized rounding;
     S => Solve LP; T => Evaluate node; U => Unbounded; X => User solution; Y => HiGHS solution;
     Z => ZI Round; l => Trivial lower; p => Trivial point; u => Trivial upper; z => Trivial zero

        Nodes      |    B&B Tree     |            Objective Bounds              |  Dynamic Constraints |       Work      
Src  Proc. InQueue |  Leaves   Expl. | BestBound       BestSol              Gap |   Cuts   InLp Confl. | LpIters     Time

 J       0       0         0   0.00%   inf             102                Large        0      0      0         0     0.0s
 T       0       0         0   0.00%   222             210                5.71%        0      0      0         8     0.0s
         1       0         1 100.00%   210             210                0.00%        0      0      0         8     0.0s

Solving report
  Model             model
  Status            Optimal
  Primal bound      210
  Dual bound        210
  Gap               0% (tolerance: 0.01%)
  P-D integral      0.000298013124212
  Solution status   feasible
                    210 (objective)
                    0 (bound viol.)
                    0 (int. viol.)
                    0 (row viol.)
  Timing            0.01
  Max sub-MIP depth 0
  Nodes             1
  Repair LPs        0
  LP iterations     8
                    0 (strong br.)
                    0 (separation)
                    0 (heuristics)
Writing the solution to /var/folders/vw/gdr1xfp14098n0tnwkvtd8hw0000gp/T/des-highs-cli-_jcmilan/solution.txt
Running HiGHS 1.14.0 (git hash: n/a): Copyright (c) 2026 under MIT licence terms
Command line parsed using CLI11 2.5.0: Copyright (c) 2017-2025 University of Cincinnati
Set option time_limit to 60
Set option solution_file to "/var/folders/vw/gdr1xfp14098n0tnwkvtd8hw0000gp/T/des-highs-cli-qsln7mzw/solution.txt"
MIP model has 6 rows; 4 cols; 14 nonzeros; 4 integer variables (2 binary)
Coefficient ranges:
  Matrix  [1e+00, 2e+00]
  Cost    [1e+00, 1e+01]
  Bound   [1e+00, 2e+00]
  RHS     [1e+00, 1e+00]
Presolving model
6 rows, 4 cols, 14 nonzeros 0s
4 rows, 3 cols, 10 nonzeros 0s
2 rows, 3 cols, 5 nonzeros 0s
0 rows, 0 cols, 0 nonzeros 0s
Presolve reductions: rows 0(-6); columns 0(-4); nonzeros 0(-14) - Reduced to empty
Presolve: Optimal

Src: B => Branching; C => Central rounding; F => Feasibility pump; H => Heuristic;
     I => Shifting; J => Feasibility jump; L => Sub-MIP; P => Empty MIP; R => Randomized rounding;
     S => Solve LP; T => Evaluate node; U => Unbounded; X => User solution; Y => HiGHS solution;
     Z => ZI Round; l => Trivial lower; p => Trivial point; u => Trivial upper; z => Trivial zero

        Nodes      |    B&B Tree     |            Objective Bounds              |  Dynamic Constraints |       Work      
Src  Proc. InQueue |  Leaves   Expl. | BestBound       BestSol              Gap |   Cuts   InLp Confl. | LpIters     Time

         0       0         0   0.00%   11              11                 0.00%        0      0      0         0     0.0s

Solving report
  Model             model
  Status            Optimal
  Primal bound      11
  Dual bound        11
  Gap               0% (tolerance: 0.01%)
  P-D integral      0
  Solution status   feasible
                    11 (objective)
                    0 (bound viol.)
                    0 (int. viol.)
                    0 (row viol.)
  Timing            0.00
  Max sub-MIP depth 0
  Nodes             0
  Repair LPs        0
  LP iterations     0
Writing the solution to /var/folders/vw/gdr1xfp14098n0tnwkvtd8hw0000gp/T/des-highs-cli-qsln7mzw/solution.txt
Running HiGHS 1.14.0 (git hash: n/a): Copyright (c) 2026 under MIT licence terms
Command line parsed using CLI11 2.5.0: Copyright (c) 2017-2025 University of Cincinnati
Set option time_limit to 60
Set option solution_file to "/var/folders/vw/gdr1xfp14098n0tnwkvtd8hw0000gp/T/des-highs-cli-bj_htfto/solution.txt"
MIP model has 9 rows; 8 cols; 26 nonzeros; 8 integer variables (6 binary)
Coefficient ranges:
  Matrix  [1e+00, 2e+00]
  Cost    [1e+00, 1e+01]
  Bound   [1e+00, 2e+00]
  RHS     [1e+00, 1e+00]
Presolving model
9 rows, 8 cols, 26 nonzeros 0s
5 rows, 8 cols, 14 nonzeros 0s
5 rows, 8 cols, 14 nonzeros 0s
Presolve reductions: rows 5(-4); columns 8(-0); nonzeros 14(-12) 
Objective function is integral with scale 1

Solving MIP model with:
   5 rows
   8 cols (6 binary, 2 integer, 0 implied int., 0 continuous, 0 domain fixed)
   14 nonzeros

Src: B => Branching; C => Central rounding; F => Feasibility pump; H => Heuristic;
     I => Shifting; J => Feasibility jump; L => Sub-MIP; P => Empty MIP; R => Randomized rounding;
     S => Solve LP; T => Evaluate node; U => Unbounded; X => User solution; Y => HiGHS solution;
     Z => ZI Round; l => Trivial lower; p => Trivial point; u => Trivial upper; z => Trivial zero

        Nodes      |    B&B Tree     |            Objective Bounds              |  Dynamic Constraints |       Work      
Src  Proc. InQueue |  Leaves   Expl. | BestBound       BestSol              Gap |   Cuts   InLp Confl. | LpIters     Time

 J       0       0         0   0.00%   inf             20                 Large        0      0      0         0     0.0s
 T       0       0         0   0.00%   21              21                 0.00%        0      0      0         0     0.0s
         1       0         1 100.00%   21              21                 0.00%        0      0      0         0     0.0s

Solving report
  Model             model
  Status            Optimal
  Primal bound      21
  Dual bound        21
  Gap               0% (tolerance: 0.01%)
  P-D integral      7.0666501415e-06
  Solution status   feasible
                    21 (objective)
                    0 (bound viol.)
                    0 (int. viol.)
                    0 (row viol.)
  Timing            0.01
  Max sub-MIP depth 0
  Nodes             1
  Repair LPs        0
  LP iterations     0
Writing the solution to /var/folders/vw/gdr1xfp14098n0tnwkvtd8hw0000gp/T/des-highs-cli-bj_htfto/solution.txt
Running HiGHS 1.14.0 (git hash: n/a): Copyright (c) 2026 under MIT licence terms
Command line parsed using CLI11 2.5.0: Copyright (c) 2017-2025 University of Cincinnati
Set option time_limit to 60
Set option solution_file to "/var/folders/vw/gdr1xfp14098n0tnwkvtd8hw0000gp/T/des-highs-cli-7kouu7b7/solution.txt"
MIP model has 6 rows; 6 cols; 26 nonzeros; 6 integer variables (4 binary)
Coefficient ranges:
  Matrix  [1e+00, 9e+00]
  Cost    [1e+00, 1e+00]
  Bound   [1e+00, 9e+00]
  RHS     [1e+00, 1e+00]
Presolving model
6 rows, 6 cols, 26 nonzeros 0s
3 rows, 6 cols, 13 nonzeros 0s
3 rows, 6 cols, 13 nonzeros 0s
Presolve reductions: rows 3(-3); columns 6(-0); nonzeros 13(-13) 
Objective function is integral with scale 1

Solving MIP model with:
   3 rows
   6 cols (4 binary, 2 integer, 0 implied int., 0 continuous, 0 domain fixed)
   13 nonzeros

Src: B => Branching; C => Central rounding; F => Feasibility pump; H => Heuristic;
     I => Shifting; J => Feasibility jump; L => Sub-MIP; P => Empty MIP; R => Randomized rounding;
     S => Solve LP; T => Evaluate node; U => Unbounded; X => User solution; Y => HiGHS solution;
     Z => ZI Round; l => Trivial lower; p => Trivial point; u => Trivial upper; z => Trivial zero

        Nodes      |    B&B Tree     |            Objective Bounds              |  Dynamic Constraints |       Work      
Src  Proc. InQueue |  Leaves   Expl. | BestBound       BestSol              Gap |   Cuts   InLp Confl. | LpIters     Time

 J       0       0         0 100.00%   inf             9                  Large        0      0      0         0     0.0s
         1       0         1 100.00%   9               9                  0.00%        0      0      0         0     0.0s

Solving report
  Model             model
  Status            Optimal
  Primal bound      9
  Dual bound        9
  Gap               0% (tolerance: 0.01%)
  P-D integral      0
  Solution status   feasible
                    9 (objective)
                    0 (bound viol.)
                    0 (int. viol.)
                    0 (row viol.)
  Timing            0.00
  Max sub-MIP depth 0
  Nodes             1
  Repair LPs        0
  LP iterations     0
Writing the solution to /var/folders/vw/gdr1xfp14098n0tnwkvtd8hw0000gp/T/des-highs-cli-7kouu7b7/solution.txt
Running HiGHS 1.14.0 (git hash: n/a): Copyright (c) 2026 under MIT licence terms
Command line parsed using CLI11 2.5.0: Copyright (c) 2017-2025 University of Cincinnati
Set option time_limit to 60
Set option solution_file to "/var/folders/vw/gdr1xfp14098n0tnwkvtd8hw0000gp/T/des-highs-cli-4hyfs0u5/solution.txt"
MIP model has 26 rows; 15 cols; 74 nonzeros; 15 integer variables (9 binary)
Coefficient ranges:
  Matrix  [1e+00, 2e+00]
  Cost    [1e+00, 1e+00]
  Bound   [1e+00, 2e+00]
  RHS     [1e+00, 1e+00]
Presolving model
23 rows, 13 cols, 63 nonzeros 0s
8 rows, 4 cols, 20 nonzeros 0s
4 rows, 4 cols, 10 nonzeros 0s
0 rows, 0 cols, 0 nonzeros 0s
Presolve reductions: rows 0(-26); columns 0(-15); nonzeros 0(-74) - Reduced to empty
Presolve: Optimal

Src: B => Branching; C => Central rounding; F => Feasibility pump; H => Heuristic;
     I => Shifting; J => Feasibility jump; L => Sub-MIP; P => Empty MIP; R => Randomized rounding;
     S => Solve LP; T => Evaluate node; U => Unbounded; X => User solution; Y => HiGHS solution;
     Z => ZI Round; l => Trivial lower; p => Trivial point; u => Trivial upper; z => Trivial zero

        Nodes      |    B&B Tree     |            Objective Bounds              |  Dynamic Constraints |       Work      
Src  Proc. InQueue |  Leaves   Expl. | BestBound       BestSol              Gap |   Cuts   InLp Confl. | LpIters     Time

         0       0         0   0.00%   2               2                  0.00%        0      0      0         0     0.0s

Solving report
  Model             model
  Status            Optimal
  Primal bound      2
  Dual bound        2
  Gap               0% (tolerance: 0.01%)
  P-D integral      0
  Solution status   feasible
                    2 (objective)
                    0 (bound viol.)
                    0 (int. viol.)
                    0 (row viol.)
  Timing            0.00
  Max sub-MIP depth 0
  Nodes             0
  Repair LPs        0
  LP iterations     0
Writing the solution to /var/folders/vw/gdr1xfp14098n0tnwkvtd8hw0000gp/T/des-highs-cli-4hyfs0u5/solution.txt
Running HiGHS 1.14.0 (git hash: n/a): Copyright (c) 2026 under MIT licence terms
Command line parsed using CLI11 2.5.0: Copyright (c) 2017-2025 University of Cincinnati
Set option time_limit to 60
Set option solution_file to "/var/folders/vw/gdr1xfp14098n0tnwkvtd8hw0000gp/T/des-highs-cli-0ja1rkcs/solution.txt"
MIP model has 22 rows; 15 cols; 66 nonzeros; 15 integer variables (12 binary)
Coefficient ranges:
  Matrix  [1e+00, 3e+00]
  Cost    [1e+01, 1e+01]
  Bound   [1e+00, 2e+00]
  RHS     [1e+00, 2e+00]
Presolving model
22 rows, 15 cols, 66 nonzeros 0s
14 rows, 15 cols, 42 nonzeros 0s
14 rows, 15 cols, 42 nonzeros 0s
Presolve reductions: rows 14(-8); columns 15(-0); nonzeros 42(-24) 
Objective function is integral with scale 0.1

Solving MIP model with:
   14 rows
   15 cols (12 binary, 3 integer, 0 implied int., 0 continuous, 0 domain fixed)
   42 nonzeros

Src: B => Branching; C => Central rounding; F => Feasibility pump; H => Heuristic;
     I => Shifting; J => Feasibility jump; L => Sub-MIP; P => Empty MIP; R => Randomized rounding;
     S => Solve LP; T => Evaluate node; U => Unbounded; X => User solution; Y => HiGHS solution;
     Z => ZI Round; l => Trivial lower; p => Trivial point; u => Trivial upper; z => Trivial zero

        Nodes      |    B&B Tree     |            Objective Bounds              |  Dynamic Constraints |       Work      
Src  Proc. InQueue |  Leaves   Expl. | BestBound       BestSol              Gap |   Cuts   InLp Confl. | LpIters     Time

 J       0       0         0   0.00%   inf             -0                 Large        0      0      0         0     0.0s
 T       0       0         0 100.00%   40              40                 0.00%        0      0      0         2     0.0s
         1       0         1 100.00%   40              40                 0.00%        0      0      0         2     0.0s

Solving report
  Model             model
  Status            Optimal
  Primal bound      40
  Dual bound        40
  Gap               0% (tolerance: 0.01%)
  P-D integral      0
  Solution status   feasible
                    40 (objective)
                    0 (bound viol.)
                    0 (int. viol.)
                    0 (row viol.)
  Timing            0.01
  Max sub-MIP depth 0
  Nodes             1
  Repair LPs        0
  LP iterations     2
                    0 (strong br.)
                    0 (separation)
                    0 (heuristics)
Writing the solution to /var/folders/vw/gdr1xfp14098n0tnwkvtd8hw0000gp/T/des-highs-cli-0ja1rkcs/solution.txt
Running HiGHS 1.14.0 (git hash: n/a): Copyright (c) 2026 under MIT licence terms
Command line parsed using CLI11 2.5.0: Copyright (c) 2017-2025 University of Cincinnati
Set option time_limit to 60
Set option solution_file to "/var/folders/vw/gdr1xfp14098n0tnwkvtd8hw0000gp/T/des-highs-cli-rk3ip763/solution.txt"
MIP model has 16 rows; 8 cols; 26 nonzeros; 8 integer variables (5 binary)
Coefficient ranges:
  Matrix  [1e+00, 4e+00]
  Cost    [1e+00, 1e+01]
  Bound   [1e+00, 3e+00]
  RHS     [1e+00, 3e+00]
Presolving model
8 rows, 3 cols, 13 nonzeros 0s
0 rows, 0 cols, 0 nonzeros 0s
Presolve reductions: rows 0(-16); columns 0(-8); nonzeros 0(-26) - Reduced to empty
Presolve: Optimal

Src: B => Branching; C => Central rounding; F => Feasibility pump; H => Heuristic;
     I => Shifting; J => Feasibility jump; L => Sub-MIP; P => Empty MIP; R => Randomized rounding;
     S => Solve LP; T => Evaluate node; U => Unbounded; X => User solution; Y => HiGHS solution;
     Z => ZI Round; l => Trivial lower; p => Trivial point; u => Trivial upper; z => Trivial zero

        Nodes      |    B&B Tree     |            Objective Bounds              |  Dynamic Constraints |       Work      
Src  Proc. InQueue |  Leaves   Expl. | BestBound       BestSol              Gap |   Cuts   InLp Confl. | LpIters     Time

         0       0         0   0.00%   12              12                 0.00%        0      0      0         0     0.0s

Solving report
  Model             model
  Status            Optimal
  Primal bound      12
  Dual bound        12
  Gap               0% (tolerance: 0.01%)
  P-D integral      0
  Solution status   feasible
                    12 (objective)
                    0 (bound viol.)
                    0 (int. viol.)
                    0 (row viol.)
  Timing            0.00
  Max sub-MIP depth 0
  Nodes             0
  Repair LPs        0
  LP iterations     0
Writing the solution to /var/folders/vw/gdr1xfp14098n0tnwkvtd8hw0000gp/T/des-highs-cli-rk3ip763/solution.txt
Running HiGHS 1.14.0 (git hash: n/a): Copyright (c) 2026 under MIT licence terms
Command line parsed using CLI11 2.5.0: Copyright (c) 2017-2025 University of Cincinnati
Set option time_limit to 60
Set option solution_file to "/var/folders/vw/gdr1xfp14098n0tnwkvtd8hw0000gp/T/des-highs-cli-5to2hh3x/solution.txt"
MIP model has 40 rows; 20 cols; 91 nonzeros; 20 integer variables (20 binary)
Coefficient ranges:
  Matrix  [1e+00, 1e+00]
  Cost    [2e+00, 4e+00]
  Bound   [1e+00, 1e+00]
  RHS     [1e+00, 1e+00]
Presolving model
39 rows, 19 cols, 86 nonzeros 0s
29 rows, 14 cols, 66 nonzeros 0s
14 rows, 14 cols, 32 nonzeros 0s
0 rows, 1 cols, 0 nonzeros 0s
0 rows, 0 cols, 0 nonzeros 0s
Presolve reductions: rows 0(-40); columns 0(-20); nonzeros 0(-91) - Reduced to empty
Presolve: Optimal

Src: B => Branching; C => Central rounding; F => Feasibility pump; H => Heuristic;
     I => Shifting; J => Feasibility jump; L => Sub-MIP; P => Empty MIP; R => Randomized rounding;
     S => Solve LP; T => Evaluate node; U => Unbounded; X => User solution; Y => HiGHS solution;
     Z => ZI Round; l => Trivial lower; p => Trivial point; u => Trivial upper; z => Trivial zero

        Nodes      |    B&B Tree     |            Objective Bounds              |  Dynamic Constraints |       Work      
Src  Proc. InQueue |  Leaves   Expl. | BestBound       BestSol              Gap |   Cuts   InLp Confl. | LpIters     Time

         0       0         0   0.00%   6               6                  0.00%        0      0      0         0     0.0s

Solving report
  Model             model
  Status            Optimal
  Primal bound      6
  Dual bound        6
  Gap               0% (tolerance: 0.01%)
  P-D integral      0
  Solution status   feasible
                    6 (objective)
                    0 (bound viol.)
                    0 (int. viol.)
                    0 (row viol.)
  Timing            0.00
  Max sub-MIP depth 0
  Nodes             0
  Repair LPs        0
  LP iterations     0
Writing the solution to /var/folders/vw/gdr1xfp14098n0tnwkvtd8hw0000gp/T/des-highs-cli-5to2hh3x/solution.txt
Running HiGHS 1.14.0 (git hash: n/a): Copyright (c) 2026 under MIT licence terms
Command line parsed using CLI11 2.5.0: Copyright (c) 2017-2025 University of Cincinnati
Set option time_limit to 60
Set option solution_file to "/var/folders/vw/gdr1xfp14098n0tnwkvtd8hw0000gp/T/des-highs-cli-01q1hdjo/solution.txt"
MIP model has 8 rows; 5 cols; 16 nonzeros; 5 integer variables (1 binary)
Coefficient ranges:
  Matrix  [1e+00, 8e+00]
  Cost    [1e+00, 1e+00]
  Bound   [1e+00, 5e+00]
  RHS     [2e+00, 5e+00]
Presolving model
3 rows, 2 cols, 5 nonzeros 0s
0 rows, 0 cols, 0 nonzeros 0s
Presolve reductions: rows 0(-8); columns 0(-5); nonzeros 0(-16) - Reduced to empty
Presolve: Optimal

Src: B => Branching; C => Central rounding; F => Feasibility pump; H => Heuristic;
     I => Shifting; J => Feasibility jump; L => Sub-MIP; P => Empty MIP; R => Randomized rounding;
     S => Solve LP; T => Evaluate node; U => Unbounded; X => User solution; Y => HiGHS solution;
     Z => ZI Round; l => Trivial lower; p => Trivial point; u => Trivial upper; z => Trivial zero

        Nodes      |    B&B Tree     |            Objective Bounds              |  Dynamic Constraints |       Work      
Src  Proc. InQueue |  Leaves   Expl. | BestBound       BestSol              Gap |   Cuts   InLp Confl. | LpIters     Time

         0       0         0   0.00%   3               3                  0.00%        0      0      0         0     0.0s

Solving report
  Model             model
  Status            Optimal
  Primal bound      3
  Dual bound        3
  Gap               0% (tolerance: 0.01%)
  P-D integral      0
  Solution status   feasible
                    3 (objective)
                    0 (bound viol.)
                    0 (int. viol.)
                    0 (row viol.)
  Timing            0.00
  Max sub-MIP depth 0
  Nodes             0
  Repair LPs        0
  LP iterations     0
Writing the solution to /var/folders/vw/gdr1xfp14098n0tnwkvtd8hw0000gp/T/des-highs-cli-01q1hdjo/solution.txt
Running HiGHS 1.14.0 (git hash: n/a): Copyright (c) 2026 under MIT licence terms
Command line parsed using CLI11 2.5.0: Copyright (c) 2017-2025 University of Cincinnati
Set option time_limit to 60
Set option solution_file to "/var/folders/vw/gdr1xfp14098n0tnwkvtd8hw0000gp/T/des-highs-cli-58c1g2sk/solution.txt"
MIP model has 9 rows; 6 cols; 20 nonzeros; 6 integer variables (1 binary)
Coefficient ranges:
  Matrix  [1e+00, 1e+01]
  Cost    [1e+00, 1e+00]
  Bound   [1e+00, 8e+00]
  RHS     [2e+00, 7e+00]
Presolving model
3 rows, 2 cols, 5 nonzeros 0s
0 rows, 1 cols, 0 nonzeros 0s
0 rows, 0 cols, 0 nonzeros 0s
Presolve reductions: rows 0(-9); columns 0(-6); nonzeros 0(-20) - Reduced to empty
Presolve: Optimal

Src: B => Branching; C => Central rounding; F => Feasibility pump; H => Heuristic;
     I => Shifting; J => Feasibility jump; L => Sub-MIP; P => Empty MIP; R => Randomized rounding;
     S => Solve LP; T => Evaluate node; U => Unbounded; X => User solution; Y => HiGHS solution;
     Z => ZI Round; l => Trivial lower; p => Trivial point; u => Trivial upper; z => Trivial zero

        Nodes      |    B&B Tree     |            Objective Bounds              |  Dynamic Constraints |       Work      
Src  Proc. InQueue |  Leaves   Expl. | BestBound       BestSol              Gap |   Cuts   InLp Confl. | LpIters     Time

         0       0         0   0.00%   4               4                  0.00%        0      0      0         0     0.0s

Solving report
  Model             model
  Status            Optimal
  Primal bound      4
  Dual bound        4
  Gap               0% (tolerance: 0.01%)
  P-D integral      0
  Solution status   feasible
                    4 (objective)
                    0 (bound viol.)
                    0 (int. viol.)
                    0 (row viol.)
  Timing            0.00
  Max sub-MIP depth 0
  Nodes             0
  Repair LPs        0
  LP iterations     0
Writing the solution to /var/folders/vw/gdr1xfp14098n0tnwkvtd8hw0000gp/T/des-highs-cli-58c1g2sk/solution.txt
Running HiGHS 1.14.0 (git hash: n/a): Copyright (c) 2026 under MIT licence terms
Command line parsed using CLI11 2.5.0: Copyright (c) 2017-2025 University of Cincinnati
Set option time_limit to 60
Set option solution_file to "/var/folders/vw/gdr1xfp14098n0tnwkvtd8hw0000gp/T/des-highs-cli-6sls7x_4/solution.txt"
MIP model has 6 rows; 6 cols; 17 nonzeros; 6 integer variables (2 binary)
Coefficient ranges:
  Matrix  [1e+00, 3e+00]
  Cost    [1e+00, 1e+00]
  Bound   [1e+00, 1e+00]
  RHS     [2e+00, 3e+00]
Presolving model
0 rows, 0 cols, 0 nonzeros 0s
0 rows, 0 cols, 0 nonzeros 0s
Presolve reductions: rows 0(-6); columns 0(-6); nonzeros 0(-17) - Reduced to empty
Presolve: Optimal

Src: B => Branching; C => Central rounding; F => Feasibility pump; H => Heuristic;
     I => Shifting; J => Feasibility jump; L => Sub-MIP; P => Empty MIP; R => Randomized rounding;
     S => Solve LP; T => Evaluate node; U => Unbounded; X => User solution; Y => HiGHS solution;
     Z => ZI Round; l => Trivial lower; p => Trivial point; u => Trivial upper; z => Trivial zero

        Nodes      |    B&B Tree     |            Objective Bounds              |  Dynamic Constraints |       Work      
Src  Proc. InQueue |  Leaves   Expl. | BestBound       BestSol              Gap |   Cuts   InLp Confl. | LpIters     Time

         0       0         0   0.00%   -0              -0                 0.00%        0      0      0         0     0.0s

Solving report
  Model             model
  Status            Optimal
  Primal bound      -0
  Dual bound        -0
  Gap               0% (tolerance: 0.01%)
  P-D integral      0
  Solution status   feasible
                    0 (objective)
                    0 (bound viol.)
                    0 (int. viol.)
                    0 (row viol.)
  Timing            0.00
  Max sub-MIP depth 0
  Nodes             0
  Repair LPs        0
  LP iterations     0
Writing the solution to /var/folders/vw/gdr1xfp14098n0tnwkvtd8hw0000gp/T/des-highs-cli-6sls7x_4/solution.txt
Running HiGHS 1.14.0 (git hash: n/a): Copyright (c) 2026 under MIT licence terms
Command line parsed using CLI11 2.5.0: Copyright (c) 2017-2025 University of Cincinnati
Set option time_limit to 60
Set option solution_file to "/var/folders/vw/gdr1xfp14098n0tnwkvtd8hw0000gp/T/des-highs-cli-6_yu61ll/solution.txt"
MIP model has 19 rows; 12 cols; 38 nonzeros; 12 integer variables (4 binary)
Coefficient ranges:
  Matrix  [1e+00, 4e+00]
  Cost    [1e+00, 1e+00]
  Bound   [1e+00, 4e+00]
  RHS     [1e+00, 2e+00]
Presolving model
4 rows, 3 cols, 7 nonzeros 0s
0 rows, 0 cols, 0 nonzeros 0s
Presolve reductions: rows 0(-19); columns 0(-12); nonzeros 0(-38) - Reduced to empty
Presolve: Optimal

Src: B => Branching; C => Central rounding; F => Feasibility pump; H => Heuristic;
     I => Shifting; J => Feasibility jump; L => Sub-MIP; P => Empty MIP; R => Randomized rounding;
     S => Solve LP; T => Evaluate node; U => Unbounded; X => User solution; Y => HiGHS solution;
     Z => ZI Round; l => Trivial lower; p => Trivial point; u => Trivial upper; z => Trivial zero

        Nodes      |    B&B Tree     |            Objective Bounds              |  Dynamic Constraints |       Work      
Src  Proc. InQueue |  Leaves   Expl. | BestBound       BestSol              Gap |   Cuts   InLp Confl. | LpIters     Time

         0       0         0   0.00%   2               2                  0.00%        0      0      0         0     0.0s

Solving report
  Model             model
  Status            Optimal
  Primal bound      2
  Dual bound        2
  Gap               0% (tolerance: 0.01%)
  P-D integral      0
  Solution status   feasible
                    2 (objective)
                    0 (bound viol.)
                    0 (int. viol.)
                    0 (row viol.)
  Timing            0.00
  Max sub-MIP depth 0
  Nodes             0
  Repair LPs        0
  LP iterations     0
Writing the solution to /var/folders/vw/gdr1xfp14098n0tnwkvtd8hw0000gp/T/des-highs-cli-6_yu61ll/solution.txt
Running HiGHS 1.14.0 (git hash: n/a): Copyright (c) 2026 under MIT licence terms
Command line parsed using CLI11 2.5.0: Copyright (c) 2017-2025 University of Cincinnati
Set option time_limit to 60
Set option solution_file to "/var/folders/vw/gdr1xfp14098n0tnwkvtd8hw0000gp/T/des-highs-cli-m__3i64w/solution.txt"
MIP model has 14 rows; 14 cols; 39 nonzeros; 14 integer variables (5 binary)
Coefficient ranges:
  Matrix  [1e+00, 7e+00]
  Cost    [1e+00, 1e+00]
  Bound   [1e+00, 7e+00]
  RHS     [1e+00, 5e+00]
Presolving model
4 rows, 3 cols, 7 nonzeros 0s
0 rows, 1 cols, 0 nonzeros 0s
0 rows, 0 cols, 0 nonzeros 0s
Presolve reductions: rows 0(-14); columns 0(-14); nonzeros 0(-39) - Reduced to empty
Presolve: Optimal

Src: B => Branching; C => Central rounding; F => Feasibility pump; H => Heuristic;
     I => Shifting; J => Feasibility jump; L => Sub-MIP; P => Empty MIP; R => Randomized rounding;
     S => Solve LP; T => Evaluate node; U => Unbounded; X => User solution; Y => HiGHS solution;
     Z => ZI Round; l => Trivial lower; p => Trivial point; u => Trivial upper; z => Trivial zero

        Nodes      |    B&B Tree     |            Objective Bounds              |  Dynamic Constraints |       Work      
Src  Proc. InQueue |  Leaves   Expl. | BestBound       BestSol              Gap |   Cuts   InLp Confl. | LpIters     Time

         0       0         0   0.00%   3               3                  0.00%        0      0      0         0     0.0s

Solving report
  Model             model
  Status            Optimal
  Primal bound      3
  Dual bound        3
  Gap               0% (tolerance: 0.01%)
  P-D integral      0
  Solution status   feasible
                    3 (objective)
                    0 (bound viol.)
                    0 (int. viol.)
                    0 (row viol.)
  Timing            0.00
  Max sub-MIP depth 0
  Nodes             0
  Repair LPs        0
  LP iterations     0
Writing the solution to /var/folders/vw/gdr1xfp14098n0tnwkvtd8hw0000gp/T/des-highs-cli-m__3i64w/solution.txt
Running HiGHS 1.14.0 (git hash: n/a): Copyright (c) 2026 under MIT licence terms
Command line parsed using CLI11 2.5.0: Copyright (c) 2017-2025 University of Cincinnati
Set option time_limit to 60
Set option solution_file to "/var/folders/vw/gdr1xfp14098n0tnwkvtd8hw0000gp/T/des-highs-cli-m1pagn6w/solution.txt"
MIP model has 13 rows; 13 cols; 39 nonzeros; 13 integer variables (5 binary)
Coefficient ranges:
  Matrix  [1e+00, 2e+00]
  Cost    [1e+00, 1e+00]
  Bound   [1e+00, 1e+00]
  RHS     [2e+00, 2e+00]
Presolving model
0 rows, 0 cols, 0 nonzeros 0s
0 rows, 0 cols, 0 nonzeros 0s
Presolve reductions: rows 0(-13); columns 0(-13); nonzeros 0(-39) - Reduced to empty
Presolve: Optimal

Src: B => Branching; C => Central rounding; F => Feasibility pump; H => Heuristic;
     I => Shifting; J => Feasibility jump; L => Sub-MIP; P => Empty MIP; R => Randomized rounding;
     S => Solve LP; T => Evaluate node; U => Unbounded; X => User solution; Y => HiGHS solution;
     Z => ZI Round; l => Trivial lower; p => Trivial point; u => Trivial upper; z => Trivial zero

        Nodes      |    B&B Tree     |            Objective Bounds              |  Dynamic Constraints |       Work      
Src  Proc. InQueue |  Leaves   Expl. | BestBound       BestSol              Gap |   Cuts   InLp Confl. | LpIters     Time

         0       0         0   0.00%   -0              -0                 0.00%        0      0      0         0     0.0s

Solving report
  Model             model
  Status            Optimal
  Primal bound      -0
  Dual bound        -0
  Gap               0% (tolerance: 0.01%)
  P-D integral      0
  Solution status   feasible
                    0 (objective)
                    0 (bound viol.)
                    0 (int. viol.)
                    0 (row viol.)
  Timing            0.00
  Max sub-MIP depth 0
  Nodes             0
  Repair LPs        0
  LP iterations     0
Writing the solution to /var/folders/vw/gdr1xfp14098n0tnwkvtd8hw0000gp/T/des-highs-cli-m1pagn6w/solution.txt
Running HiGHS 1.14.0 (git hash: n/a): Copyright (c) 2026 under MIT licence terms
Command line parsed using CLI11 2.5.0: Copyright (c) 2017-2025 University of Cincinnati
Set option time_limit to 60
Set option solution_file to "/var/folders/vw/gdr1xfp14098n0tnwkvtd8hw0000gp/T/des-highs-cli-3_ketkeg/solution.txt"
MIP model has 18 rows; 10 cols; 46 nonzeros; 10 integer variables (6 binary)
Coefficient ranges:
  Matrix  [1e+00, 2e+00]
  Cost    [1e+00, 1e+00]
  Bound   [1e+00, 4e+00]
  RHS     [1e+00, 3e+00]
Presolving model
11 rows, 6 cols, 25 nonzeros 0s
0 rows, 0 cols, 0 nonzeros 0s
Presolve reductions: rows 0(-18); columns 0(-10); nonzeros 0(-46) - Reduced to empty
Presolve: Optimal

Src: B => Branching; C => Central rounding; F => Feasibility pump; H => Heuristic;
     I => Shifting; J => Feasibility jump; L => Sub-MIP; P => Empty MIP; R => Randomized rounding;
     S => Solve LP; T => Evaluate node; U => Unbounded; X => User solution; Y => HiGHS solution;
     Z => ZI Round; l => Trivial lower; p => Trivial point; u => Trivial upper; z => Trivial zero

        Nodes      |    B&B Tree     |            Objective Bounds              |  Dynamic Constraints |       Work      
Src  Proc. InQueue |  Leaves   Expl. | BestBound       BestSol              Gap |   Cuts   InLp Confl. | LpIters     Time

         0       0         0   0.00%   2               2                  0.00%        0      0      0         0     0.0s

Solving report
  Model             model
  Status            Optimal
  Primal bound      2
  Dual bound        2
  Gap               0% (tolerance: 0.01%)
  P-D integral      0
  Solution status   feasible
                    2 (objective)
                    0 (bound viol.)
                    0 (int. viol.)
                    0 (row viol.)
  Timing            0.00
  Max sub-MIP depth 0
  Nodes             0
  Repair LPs        0
  LP iterations     0
Writing the solution to /var/folders/vw/gdr1xfp14098n0tnwkvtd8hw0000gp/T/des-highs-cli-3_ketkeg/solution.txt
Running HiGHS 1.14.0 (git hash: n/a): Copyright (c) 2026 under MIT licence terms
Command line parsed using CLI11 2.5.0: Copyright (c) 2017-2025 University of Cincinnati
Set option time_limit to 60
Set option solution_file to "/var/folders/vw/gdr1xfp14098n0tnwkvtd8hw0000gp/T/des-highs-cli-nx63heu2/solution.txt"
MIP model has 20 rows; 12 cols; 57 nonzeros; 12 integer variables (7 binary)
Coefficient ranges:
  Matrix  [1e+00, 3e+00]
  Cost    [1e+00, 1e+00]
  Bound   [1e+00, 5e+00]
  RHS     [1e+00, 3e+00]
Presolving model
14 rows, 9 cols, 45 nonzeros 0s
8 rows, 8 cols, 27 nonzeros 0s
7 rows, 0 cols, 0 nonzeros 0s
0 rows, 0 cols, 0 nonzeros 0s
Presolve reductions: rows 0(-20); columns 0(-12); nonzeros 0(-57) - Reduced to empty
Presolve: Optimal

Src: B => Branching; C => Central rounding; F => Feasibility pump; H => Heuristic;
     I => Shifting; J => Feasibility jump; L => Sub-MIP; P => Empty MIP; R => Randomized rounding;
     S => Solve LP; T => Evaluate node; U => Unbounded; X => User solution; Y => HiGHS solution;
     Z => ZI Round; l => Trivial lower; p => Trivial point; u => Trivial upper; z => Trivial zero

        Nodes      |    B&B Tree     |            Objective Bounds              |  Dynamic Constraints |       Work      
Src  Proc. InQueue |  Leaves   Expl. | BestBound       BestSol              Gap |   Cuts   InLp Confl. | LpIters     Time

         0       0         0   0.00%   3               3                  0.00%        0      0      0         0     0.0s

Solving report
  Model             model
  Status            Optimal
  Primal bound      3
  Dual bound        3
  Gap               0% (tolerance: 0.01%)
  P-D integral      0
  Solution status   feasible
                    3 (objective)
                    0 (bound viol.)
                    0 (int. viol.)
                    0 (row viol.)
  Timing            0.00
  Max sub-MIP depth 0
  Nodes             0
  Repair LPs        0
  LP iterations     0
Writing the solution to /var/folders/vw/gdr1xfp14098n0tnwkvtd8hw0000gp/T/des-highs-cli-nx63heu2/solution.txt
Running HiGHS 1.14.0 (git hash: n/a): Copyright (c) 2026 under MIT licence terms
Command line parsed using CLI11 2.5.0: Copyright (c) 2017-2025 University of Cincinnati
Set option time_limit to 60
Set option solution_file to "/var/folders/vw/gdr1xfp14098n0tnwkvtd8hw0000gp/T/des-highs-cli-20ywnx9m/solution.txt"
MIP model has 21 rows; 11 cols; 47 nonzeros; 11 integer variables (7 binary)
Coefficient ranges:
  Matrix  [1e+00, 2e+00]
  Cost    [1e+00, 1e+00]
  Bound   [1e+00, 4e+00]
  RHS     [1e+00, 3e+00]
Presolving model
6 rows, 3 cols, 10 nonzeros 0s
0 rows, 0 cols, 0 nonzeros 0s
Presolve reductions: rows 0(-21); columns 0(-11); nonzeros 0(-47) - Reduced to empty
Presolve: Optimal

Src: B => Branching; C => Central rounding; F => Feasibility pump; H => Heuristic;
     I => Shifting; J => Feasibility jump; L => Sub-MIP; P => Empty MIP; R => Randomized rounding;
     S => Solve LP; T => Evaluate node; U => Unbounded; X => User solution; Y => HiGHS solution;
     Z => ZI Round; l => Trivial lower; p => Trivial point; u => Trivial upper; z => Trivial zero

        Nodes      |    B&B Tree     |            Objective Bounds              |  Dynamic Constraints |       Work      
Src  Proc. InQueue |  Leaves   Expl. | BestBound       BestSol              Gap |   Cuts   InLp Confl. | LpIters     Time

         0       0         0   0.00%   2               2                  0.00%        0      0      0         0     0.0s

Solving report
  Model             model
  Status            Optimal
  Primal bound      2
  Dual bound        2
  Gap               0% (tolerance: 0.01%)
  P-D integral      0
  Solution status   feasible
                    2 (objective)
                    0 (bound viol.)
                    0 (int. viol.)
                    0 (row viol.)
  Timing            0.00
  Max sub-MIP depth 0
  Nodes             0
  Repair LPs        0
  LP iterations     0
Writing the solution to /var/folders/vw/gdr1xfp14098n0tnwkvtd8hw0000gp/T/des-highs-cli-20ywnx9m/solution.txt
Running HiGHS 1.14.0 (git hash: n/a): Copyright (c) 2026 under MIT licence terms
Command line parsed using CLI11 2.5.0: Copyright (c) 2017-2025 University of Cincinnati
Set option time_limit to 60
Set option solution_file to "/var/folders/vw/gdr1xfp14098n0tnwkvtd8hw0000gp/T/des-highs-cli-sw6tdq15/solution.txt"
MIP model has 14 rows; 7 cols; 23 nonzeros; 7 integer variables (3 binary)
Coefficient ranges:
  Matrix  [1e+00, 3e+00]
  Cost    [1e+00, 1e+00]
  Bound   [1e+00, 1e+00]
  RHS     [1e+00, 3e+00]
Presolving model
0 rows, 0 cols, 0 nonzeros 0s
0 rows, 0 cols, 0 nonzeros 0s
Presolve reductions: rows 0(-14); columns 0(-7); nonzeros 0(-23) - Reduced to empty
Presolve: Optimal

Src: B => Branching; C => Central rounding; F => Feasibility pump; H => Heuristic;
     I => Shifting; J => Feasibility jump; L => Sub-MIP; P => Empty MIP; R => Randomized rounding;
     S => Solve LP; T => Evaluate node; U => Unbounded; X => User solution; Y => HiGHS solution;
     Z => ZI Round; l => Trivial lower; p => Trivial point; u => Trivial upper; z => Trivial zero

        Nodes      |    B&B Tree     |            Objective Bounds              |  Dynamic Constraints |       Work      
Src  Proc. InQueue |  Leaves   Expl. | BestBound       BestSol              Gap |   Cuts   InLp Confl. | LpIters     Time

         0       0         0   0.00%   -0              -0                 0.00%        0      0      0         0     0.0s

Solving report
  Model             model
  Status            Optimal
  Primal bound      -0
  Dual bound        -0
  Gap               0% (tolerance: 0.01%)
  P-D integral      0
  Solution status   feasible
                    0 (objective)
                    0 (bound viol.)
                    0 (int. viol.)
                    0 (row viol.)
  Timing            0.00
  Max sub-MIP depth 0
  Nodes             0
  Repair LPs        0
  LP iterations     0
Writing the solution to /var/folders/vw/gdr1xfp14098n0tnwkvtd8hw0000gp/T/des-highs-cli-sw6tdq15/solution.txt
Running HiGHS 1.14.0 (git hash: n/a): Copyright (c) 2026 under MIT licence terms
Command line parsed using CLI11 2.5.0: Copyright (c) 2017-2025 University of Cincinnati
Set option time_limit to 60
Set option solution_file to "/var/folders/vw/gdr1xfp14098n0tnwkvtd8hw0000gp/T/des-highs-cli-fq6p25f3/solution.txt"
MIP model has 14 rows; 6 cols; 34 nonzeros; 6 integer variables (4 binary)
Coefficient ranges:
  Matrix  [1e+00, 2e+00]
  Cost    [1e+00, 1e+00]
  Bound   [1e+00, 2e+00]
  RHS     [1e+00, 2e+00]
Presolving model
5 rows, 3 cols, 12 nonzeros 0s
0 rows, 0 cols, 0 nonzeros 0s
Presolve reductions: rows 0(-14); columns 0(-6); nonzeros 0(-34) - Reduced to empty
Presolve: Optimal

Src: B => Branching; C => Central rounding; F => Feasibility pump; H => Heuristic;
     I => Shifting; J => Feasibility jump; L => Sub-MIP; P => Empty MIP; R => Randomized rounding;
     S => Solve LP; T => Evaluate node; U => Unbounded; X => User solution; Y => HiGHS solution;
     Z => ZI Round; l => Trivial lower; p => Trivial point; u => Trivial upper; z => Trivial zero

        Nodes      |    B&B Tree     |            Objective Bounds              |  Dynamic Constraints |       Work      
Src  Proc. InQueue |  Leaves   Expl. | BestBound       BestSol              Gap |   Cuts   InLp Confl. | LpIters     Time

         0       0         0   0.00%   -0              -0                 0.00%        0      0      0         0     0.0s

Solving report
  Model             model
  Status            Optimal
  Primal bound      -0
  Dual bound        -0
  Gap               0% (tolerance: 0.01%)
  P-D integral      0
  Solution status   feasible
                    0 (objective)
                    0 (bound viol.)
                    0 (int. viol.)
                    0 (row viol.)
  Timing            0.00
  Max sub-MIP depth 0
  Nodes             0
  Repair LPs        0
  LP iterations     0
Writing the solution to /var/folders/vw/gdr1xfp14098n0tnwkvtd8hw0000gp/T/des-highs-cli-fq6p25f3/solution.txt
Running HiGHS 1.14.0 (git hash: n/a): Copyright (c) 2026 under MIT licence terms
Command line parsed using CLI11 2.5.0: Copyright (c) 2017-2025 University of Cincinnati
Set option time_limit to 60
Set option solution_file to "/var/folders/vw/gdr1xfp14098n0tnwkvtd8hw0000gp/T/des-highs-cli-zi2koe1u/solution.txt"
MIP model has 6 rows; 3 cols; 8 nonzeros; 3 integer variables (2 binary)
Coefficient ranges:
  Matrix  [1e+00, 3e+00]
  Cost    [1e+00, 1e+00]
  Bound   [1e+00, 1e+00]
  RHS     [2e+00, 2e+00]
Presolving model
2 rows, 1 cols, 2 nonzeros 0s
0 rows, 0 cols, 0 nonzeros 0s
Presolve reductions: rows 0(-6); columns 0(-3); nonzeros 0(-8) - Reduced to empty
Presolve: Optimal

Src: B => Branching; C => Central rounding; F => Feasibility pump; H => Heuristic;
     I => Shifting; J => Feasibility jump; L => Sub-MIP; P => Empty MIP; R => Randomized rounding;
     S => Solve LP; T => Evaluate node; U => Unbounded; X => User solution; Y => HiGHS solution;
     Z => ZI Round; l => Trivial lower; p => Trivial point; u => Trivial upper; z => Trivial zero

        Nodes      |    B&B Tree     |            Objective Bounds              |  Dynamic Constraints |       Work      
Src  Proc. InQueue |  Leaves   Expl. | BestBound       BestSol              Gap |   Cuts   InLp Confl. | LpIters     Time

         0       0         0   0.00%   -0              -0                 0.00%        0      0      0         0     0.0s

Solving report
  Model             model
  Status            Optimal
  Primal bound      -0
  Dual bound        -0
  Gap               0% (tolerance: 0.01%)
  P-D integral      0
  Solution status   feasible
                    0 (objective)
                    0 (bound viol.)
                    0 (int. viol.)
                    0 (row viol.)
  Timing            0.00
  Max sub-MIP depth 0
  Nodes             0
  Repair LPs        0
  LP iterations     0
Writing the solution to /var/folders/vw/gdr1xfp14098n0tnwkvtd8hw0000gp/T/des-highs-cli-zi2koe1u/solution.txt
Running HiGHS 1.14.0 (git hash: n/a): Copyright (c) 2026 under MIT licence terms
Command line parsed using CLI11 2.5.0: Copyright (c) 2017-2025 University of Cincinnati
Set option time_limit to 60
Set option solution_file to "/var/folders/vw/gdr1xfp14098n0tnwkvtd8hw0000gp/T/des-highs-cli-m2pfon2e/solution.txt"
MIP model has 1 row; 3 cols; 3 nonzeros; 3 integer variables (3 binary)
Coefficient ranges:
  Matrix  [1e+01, 3e+01]
  Cost    [6e+01, 1e+02]
  Bound   [1e+00, 1e+00]
  RHS     [5e+01, 5e+01]
Presolving model
1 rows, 0 cols, 0 nonzeros 0s
0 rows, 0 cols, 0 nonzeros 0s
Presolve reductions: rows 0(-1); columns 0(-3); nonzeros 0(-3) - Reduced to empty
Presolve: Optimal

Src: B => Branching; C => Central rounding; F => Feasibility pump; H => Heuristic;
     I => Shifting; J => Feasibility jump; L => Sub-MIP; P => Empty MIP; R => Randomized rounding;
     S => Solve LP; T => Evaluate node; U => Unbounded; X => User solution; Y => HiGHS solution;
     Z => ZI Round; l => Trivial lower; p => Trivial point; u => Trivial upper; z => Trivial zero

        Nodes      |    B&B Tree     |            Objective Bounds              |  Dynamic Constraints |       Work      
Src  Proc. InQueue |  Leaves   Expl. | BestBound       BestSol              Gap |   Cuts   InLp Confl. | LpIters     Time

         0       0         0   0.00%   220             220                0.00%        0      0      0         0     0.0s

Solving report
  Model             model
  Status            Optimal
  Primal bound      220
  Dual bound        220
  Gap               0% (tolerance: 0.01%)
  P-D integral      0
  Solution status   feasible
                    220 (objective)
                    0 (bound viol.)
                    0 (int. viol.)
                    0 (row viol.)
  Timing            0.00
  Max sub-MIP depth 0
  Nodes             0
  Repair LPs        0
  LP iterations     0
Writing the solution to /var/folders/vw/gdr1xfp14098n0tnwkvtd8hw0000gp/T/des-highs-cli-m2pfon2e/solution.txt
Running HiGHS 1.14.0 (git hash: n/a): Copyright (c) 2026 under MIT licence terms
Command line parsed using CLI11 2.5.0: Copyright (c) 2017-2025 University of Cincinnati
Set option time_limit to 60
Set option solution_file to "/var/folders/vw/gdr1xfp14098n0tnwkvtd8hw0000gp/T/des-highs-cli-teqo6jbc/solution.txt"
Set option mip_max_nodes to 3
Set option mip_rel_gap to 0.25
MIP model has 1 row; 3 cols; 3 nonzeros; 3 integer variables (3 binary)
Coefficient ranges:
  Matrix  [1e+01, 3e+01]
  Cost    [6e+01, 1e+02]
  Bound   [1e+00, 1e+00]
  RHS     [5e+01, 5e+01]
Presolving model
1 rows, 0 cols, 0 nonzeros 0s
0 rows, 0 cols, 0 nonzeros 0s
Presolve reductions: rows 0(-1); columns 0(-3); nonzeros 0(-3) - Reduced to empty
Presolve: Optimal

Src: B => Branching; C => Central rounding; F => Feasibility pump; H => Heuristic;
     I => Shifting; J => Feasibility jump; L => Sub-MIP; P => Empty MIP; R => Randomized rounding;
     S => Solve LP; T => Evaluate node; U => Unbounded; X => User solution; Y => HiGHS solution;
     Z => ZI Round; l => Trivial lower; p => Trivial point; u => Trivial upper; z => Trivial zero

        Nodes      |    B&B Tree     |            Objective Bounds              |  Dynamic Constraints |       Work      
Src  Proc. InQueue |  Leaves   Expl. | BestBound       BestSol              Gap |   Cuts   InLp Confl. | LpIters     Time

         0       0         0   0.00%   220             220                0.00%        0      0      0         0     0.0s

Solving report
  Model             model
  Status            Optimal
  Primal bound      220
  Dual bound        220
  Gap               0% (tolerance: 25%)
  P-D integral      0
  Solution status   feasible
                    220 (objective)
                    0 (bound viol.)
                    0 (int. viol.)
                    0 (row viol.)
  Timing            0.00
  Max sub-MIP depth 0
  Nodes             0
  Repair LPs        0
  LP iterations     0
Writing the solution to /var/folders/vw/gdr1xfp14098n0tnwkvtd8hw0000gp/T/des-highs-cli-teqo6jbc/solution.txt
Running HiGHS 1.14.0 (git hash: n/a): Copyright (c) 2026 under MIT licence terms
Command line parsed using CLI11 2.5.0: Copyright (c) 2017-2025 University of Cincinnati
Set option time_limit to 60
Set option solution_file to "/var/folders/vw/gdr1xfp14098n0tnwkvtd8hw0000gp/T/des-highs-cli-7ha7wou3/solution.txt"
MIP model has 13 rows; 9 cols; 27 nonzeros; 9 integer variables (9 binary)
Coefficient ranges:
  Matrix  [1e+00, 1e+00]
  Cost    [1e+00, 4e+00]
  Bound   [1e+00, 1e+00]
  RHS     [1e+00, 2e+00]
Presolving model
13 rows, 3 cols, 3 nonzeros 0s
0 rows, 0 cols, 0 nonzeros 0s
Presolve reductions: rows 0(-13); columns 0(-9); nonzeros 0(-27) - Reduced to empty
Presolve: Optimal

Src: B => Branching; C => Central rounding; F => Feasibility pump; H => Heuristic;
     I => Shifting; J => Feasibility jump; L => Sub-MIP; P => Empty MIP; R => Randomized rounding;
     S => Solve LP; T => Evaluate node; U => Unbounded; X => User solution; Y => HiGHS solution;
     Z => ZI Round; l => Trivial lower; p => Trivial point; u => Trivial upper; z => Trivial zero

        Nodes      |    B&B Tree     |            Objective Bounds              |  Dynamic Constraints |       Work      
Src  Proc. InQueue |  Leaves   Expl. | BestBound       BestSol              Gap |   Cuts   InLp Confl. | LpIters     Time

         0       0         0   0.00%   6               6                  0.00%        0      0      0         0     0.0s

Solving report
  Model             model
  Status            Optimal
  Primal bound      6
  Dual bound        6
  Gap               0% (tolerance: 0.01%)
  P-D integral      0
  Solution status   feasible
                    6 (objective)
                    0 (bound viol.)
                    0 (int. viol.)
                    0 (row viol.)
  Timing            0.00
  Max sub-MIP depth 0
  Nodes             0
  Repair LPs        0
  LP iterations     0
Writing the solution to /var/folders/vw/gdr1xfp14098n0tnwkvtd8hw0000gp/T/des-highs-cli-7ha7wou3/solution.txt
Running HiGHS 1.14.0 (git hash: n/a): Copyright (c) 2026 under MIT licence terms
Command line parsed using CLI11 2.5.0: Copyright (c) 2017-2025 University of Cincinnati
Set option time_limit to 60
Set option solution_file to "/var/folders/vw/gdr1xfp14098n0tnwkvtd8hw0000gp/T/des-highs-cli-doez7sn9/solution.txt"
MIP model has 14 rows; 9 cols; 30 nonzeros; 9 integer variables (9 binary)
Coefficient ranges:
  Matrix  [1e+00, 1e+00]
  Cost    [1e+00, 4e+00]
  Bound   [1e+00, 1e+00]
  RHS     [1e+00, 2e+00]
Presolving model
14 rows, 5 cols, 14 nonzeros 0s
4 rows, 4 cols, 10 nonzeros 0s
2 rows, 3 cols, 6 nonzeros 0s
0 rows, 0 cols, 0 nonzeros 0s
Presolve reductions: rows 0(-14); columns 0(-9); nonzeros 0(-30) - Reduced to empty
Presolve: Optimal

Src: B => Branching; C => Central rounding; F => Feasibility pump; H => Heuristic;
     I => Shifting; J => Feasibility jump; L => Sub-MIP; P => Empty MIP; R => Randomized rounding;
     S => Solve LP; T => Evaluate node; U => Unbounded; X => User solution; Y => HiGHS solution;
     Z => ZI Round; l => Trivial lower; p => Trivial point; u => Trivial upper; z => Trivial zero

        Nodes      |    B&B Tree     |            Objective Bounds              |  Dynamic Constraints |       Work      
Src  Proc. InQueue |  Leaves   Expl. | BestBound       BestSol              Gap |   Cuts   InLp Confl. | LpIters     Time

         0       0         0   0.00%   5               5                  0.00%        0      0      0         0     0.0s

Solving report
  Model             model
  Status            Optimal
  Primal bound      5
  Dual bound        5
  Gap               0% (tolerance: 0.01%)
  P-D integral      0
  Solution status   feasible
                    5 (objective)
                    0 (bound viol.)
                    0 (int. viol.)
                    0 (row viol.)
  Timing            0.00
  Max sub-MIP depth 0
  Nodes             0
  Repair LPs        0
  LP iterations     0
Writing the solution to /var/folders/vw/gdr1xfp14098n0tnwkvtd8hw0000gp/T/des-highs-cli-doez7sn9/solution.txt
Running HiGHS 1.14.0 (git hash: n/a): Copyright (c) 2026 under MIT licence terms
Command line parsed using CLI11 2.5.0: Copyright (c) 2017-2025 University of Cincinnati
Set option time_limit to 60
Set option solution_file to "/var/folders/vw/gdr1xfp14098n0tnwkvtd8hw0000gp/T/des-highs-cli-ka3xwx__/solution.txt"
MIP model has 15 rows; 9 cols; 33 nonzeros; 9 integer variables (9 binary)
Coefficient ranges:
  Matrix  [1e+00, 1e+00]
  Cost    [1e+00, 4e+00]
  Bound   [1e+00, 1e+00]
  RHS     [1e+00, 2e+00]
Presolving model
15 rows, 7 cols, 25 nonzeros 0s
7 rows, 5 cols, 17 nonzeros 0s
5 rows, 5 cols, 13 nonzeros 0s
3 rows, 3 cols, 9 nonzeros 0s
Presolve reductions: rows 3(-12); columns 3(-6); nonzeros 9(-24) 
Objective function is integral with scale 1

Solving MIP model with:
   3 rows
   3 cols (3 binary, 0 integer, 0 implied int., 0 continuous, 0 domain fixed)
   9 nonzeros

Src: B => Branching; C => Central rounding; F => Feasibility pump; H => Heuristic;
     I => Shifting; J => Feasibility jump; L => Sub-MIP; P => Empty MIP; R => Randomized rounding;
     S => Solve LP; T => Evaluate node; U => Unbounded; X => User solution; Y => HiGHS solution;
     Z => ZI Round; l => Trivial lower; p => Trivial point; u => Trivial upper; z => Trivial zero

        Nodes      |    B&B Tree     |            Objective Bounds              |  Dynamic Constraints |       Work      
Src  Proc. InQueue |  Leaves   Expl. | BestBound       BestSol              Gap |   Cuts   InLp Confl. | LpIters     Time

 z       0       0         0   0.00%   inf             -0                 Large        0      0      0         0     0.0s
 J       0       0         0   0.00%   inf             4                  Large        0      0      0         0     0.0s
         1       0         1 100.00%   4               4                  0.00%        0      0      1         0     0.0s

Solving report
  Model             model
  Status            Optimal
  Primal bound      4
  Dual bound        4
  Gap               0% (tolerance: 0.01%)
  P-D integral      0.000137124749017
  Solution status   feasible
                    4 (objective)
                    0 (bound viol.)
                    0 (int. viol.)
                    0 (row viol.)
  Timing            0.01
  Max sub-MIP depth 0
  Nodes             1
  Repair LPs        0
  LP iterations     0
Writing the solution to /var/folders/vw/gdr1xfp14098n0tnwkvtd8hw0000gp/T/des-highs-cli-ka3xwx__/solution.txt
Running HiGHS 1.14.0 (git hash: n/a): Copyright (c) 2026 under MIT licence terms
Command line parsed using CLI11 2.5.0: Copyright (c) 2017-2025 University of Cincinnati
Set option time_limit to 60
Set option solution_file to "/var/folders/vw/gdr1xfp14098n0tnwkvtd8hw0000gp/T/des-highs-cli-uvujwn48/solution.txt"
MIP model has 2 rows; 1 col; 2 nonzeros; 1 integer variables (1 binary)
Coefficient ranges:
  Matrix  [1e+00, 1e+00]
  Cost    [0e+00, 0e+00]
  Bound   [1e+00, 1e+00]
  RHS     [1e+00, 1e+00]
Presolving model
Presolve: Infeasible

Src: B => Branching; C => Central rounding; F => Feasibility pump; H => Heuristic;
     I => Shifting; J => Feasibility jump; L => Sub-MIP; P => Empty MIP; R => Randomized rounding;
     S => Solve LP; T => Evaluate node; U => Unbounded; X => User solution; Y => HiGHS solution;
     Z => ZI Round; l => Trivial lower; p => Trivial point; u => Trivial upper; z => Trivial zero

        Nodes      |    B&B Tree     |            Objective Bounds              |  Dynamic Constraints |       Work      
Src  Proc. InQueue |  Leaves   Expl. | BestBound       BestSol              Gap |   Cuts   InLp Confl. | LpIters     Time

         0       0         0   0.00%   -inf            inf                  inf        0      0      0         0     0.0s

Solving report
  Model             model
  Status            Infeasible
  Primal bound      inf
  Dual bound        -inf
  Gap               inf
  P-D integral      0
  Solution status   -
  Timing            0.00
  Max sub-MIP depth 0
  Nodes             0
  Repair LPs        0
  LP iterations     0
Writing the solution to /var/folders/vw/gdr1xfp14098n0tnwkvtd8hw0000gp/T/des-highs-cli-uvujwn48/solution.txt
Running HiGHS 1.14.0 (git hash: n/a): Copyright (c) 2026 under MIT licence terms
Command line parsed using CLI11 2.5.0: Copyright (c) 2017-2025 University of Cincinnati
Set option time_limit to 60
Set option solution_file to "/var/folders/vw/gdr1xfp14098n0tnwkvtd8hw0000gp/T/des-highs-cli-w94camqw/solution.txt"
LP model has 2 rows; 3 cols; 4 nonzeros
Coefficient ranges:
  Matrix  [1e+00, 1e+00]
  Cost    [1e+00, 1e+01]
  Bound   [0e+00, 0e+00]
  RHS     [1e+00, 2e+00]
Presolving model
2 rows, 3 cols, 4 nonzeros 0s
1 rows, 2 cols, 2 nonzeros 0s
0 rows, 0 cols, 0 nonzeros 0s
Presolve reductions: rows 0(-2); columns 0(-3); nonzeros 0(-4) - Reduced to empty
Performed postsolve
Solving the original LP from the solution after postsolve

Model name          : model
Model status        : Optimal
Objective value     :  1.0000000000e+00
P-D objective error :  0.0000000000e+00
HiGHS run time      :          0.00
Writing the solution to /var/folders/vw/gdr1xfp14098n0tnwkvtd8hw0000gp/T/des-highs-cli-w94camqw/solution.txt
Running HiGHS 1.14.0 (git hash: n/a): Copyright (c) 2026 under MIT licence terms
Command line parsed using CLI11 2.5.0: Copyright (c) 2017-2025 University of Cincinnati
Set option time_limit to 60
Set option solution_file to "/var/folders/vw/gdr1xfp14098n0tnwkvtd8hw0000gp/T/des-highs-cli-0tewfyot/solution.txt"
LP model has 3 rows; 2 cols; 6 nonzeros
Coefficient ranges:
  Matrix  [1e+00, 3e+00]
  Cost    [3e+00, 4e+00]
  Bound   [0e+00, 0e+00]
  RHS     [2e+00, 1e+01]
Presolving model
3 rows, 2 cols, 6 nonzeros 0s
3 rows, 2 cols, 6 nonzeros 0s
Presolve reductions: rows 3(-0); columns 2(-0); nonzeros 6(-0) - Not reduced
Problem not reduced by presolve: solving the LP
Using dual simplex solver
  Iteration        Objective     Infeasibilities num(sum)
          0    -6.9999914868e+00 Ph1: 2(4); Du: 2(6.99999) 0.0s
          2     3.4000000000e+01 Pr: 0(0) 0.0s

Model name          : model
Model status        : Optimal
Simplex   iterations: 2
Objective value     :  3.4000000000e+01
P-D objective error :  1.0297720808e-16
HiGHS run time      :          0.00
Writing the solution to /var/folders/vw/gdr1xfp14098n0tnwkvtd8hw0000gp/T/des-highs-cli-0tewfyot/solution.txt
Running HiGHS 1.14.0 (git hash: n/a): Copyright (c) 2026 under MIT licence terms
Command line parsed using CLI11 2.5.0: Copyright (c) 2017-2025 University of Cincinnati
Set option time_limit to 60
Set option solution_file to "/var/folders/vw/gdr1xfp14098n0tnwkvtd8hw0000gp/T/des-highs-cli-gj70pqhw/solution.txt"
LP model has 3 rows; 2 cols; 6 nonzeros
Coefficient ranges:
  Matrix  [1e+00, 3e+00]
  Cost    [3e+00, 4e+00]
  Bound   [0e+00, 0e+00]
  RHS     [2e+00, 1e+01]
Presolving model
3 rows, 2 cols, 6 nonzeros 0s
3 rows, 2 cols, 6 nonzeros 0s
Presolve reductions: rows 3(-0); columns 2(-0); nonzeros 6(-0) - Not reduced
Problem not reduced by presolve: solving the LP
Using dual simplex solver
  Iteration        Objective     Infeasibilities num(sum)
          0    -6.9999914868e+00 Ph1: 2(4); Du: 2(6.99999) 0.0s
          2     3.4000000000e+01 Pr: 0(0) 0.0s

Model name          : model
Model status        : Optimal
Simplex   iterations: 2
Objective value     :  3.4000000000e+01
P-D objective error :  1.0297720808e-16
HiGHS run time      :          0.00
Writing the solution to /var/folders/vw/gdr1xfp14098n0tnwkvtd8hw0000gp/T/des-highs-cli-gj70pqhw/solution.txt
Running HiGHS 1.14.0 (git hash: n/a): Copyright (c) 2026 under MIT licence terms
Command line parsed using CLI11 2.5.0: Copyright (c) 2017-2025 University of Cincinnati
Set option time_limit to 60
Set option solution_file to "/var/folders/vw/gdr1xfp14098n0tnwkvtd8hw0000gp/T/des-highs-cli-i43t78a_/solution.txt"
LP model has 1 row; 1 col; 1 nonzero
Coefficient ranges:
  Matrix  [1e+00, 1e+00]
  Cost    [1e+00, 1e+00]
  Bound   [0e+00, 0e+00]
  RHS     [2e+00, 2e+00]
Presolving model
0 rows, 0 cols, 0 nonzeros 0s
0 rows, 0 cols, 0 nonzeros 0s
Presolve reductions: rows 0(-1); columns 0(-1); nonzeros 0(-1) - Reduced to empty
Performed postsolve
Solving the original LP from the solution after postsolve

Model name          : model
Model status        : Optimal
Objective value     :  2.0000000000e+00
P-D objective error :  0.0000000000e+00
HiGHS run time      :          0.00
Writing the solution to /var/folders/vw/gdr1xfp14098n0tnwkvtd8hw0000gp/T/des-highs-cli-i43t78a_/solution.txt
Running HiGHS 1.14.0 (git hash: n/a): Copyright (c) 2026 under MIT licence terms
Command line parsed using CLI11 2.5.0: Copyright (c) 2017-2025 University of Cincinnati
Set option time_limit to 60
Set option solution_file to "/var/folders/vw/gdr1xfp14098n0tnwkvtd8hw0000gp/T/des-highs-cli-s3e_9pv3/solution.txt"
LP model has 1 row; 1 col; 1 nonzero
Coefficient ranges:
  Matrix  [1e+00, 1e+00]
  Cost    [1e+00, 1e+00]
  Bound   [0e+00, 0e+00]
  RHS     [2e+00, 2e+00]
Presolving model
0 rows, 0 cols, 0 nonzeros 0s
0 rows, 0 cols, 0 nonzeros 0s
Presolve reductions: rows 0(-1); columns 0(-1); nonzeros 0(-1) - Reduced to empty
Performed postsolve
Solving the original LP from the solution after postsolve

Model name          : model
Model status        : Optimal
Objective value     :  2.0000000000e+00
P-D objective error :  0.0000000000e+00
HiGHS run time      :          0.00
Writing the solution to /var/folders/vw/gdr1xfp14098n0tnwkvtd8hw0000gp/T/des-highs-cli-s3e_9pv3/solution.txt
Running HiGHS 1.14.0 (git hash: n/a): Copyright (c) 2026 under MIT licence terms
Command line parsed using CLI11 2.5.0: Copyright (c) 2017-2025 University of Cincinnati
Set option time_limit to 60
Set option solution_file to "/var/folders/vw/gdr1xfp14098n0tnwkvtd8hw0000gp/T/des-highs-cli-jy09hvjo/solution.txt"
LP model has 1 row; 2 cols; 2 nonzeros
Coefficient ranges:
  Matrix  [1e+00, 1e+00]
  Cost    [1e+00, 1e+00]
  Bound   [4e+00, 4e+00]
  RHS     [4e+00, 4e+00]
Presolving model
1 rows, 0 cols, 0 nonzeros 0s
0 rows, 0 cols, 0 nonzeros 0s
Presolve reductions: rows 0(-1); columns 0(-2); nonzeros 0(-2) - Reduced to empty
Performed postsolve
Solving the original LP from the solution after postsolve
Using primal simplex solver
  Iteration        Objective     Infeasibilities num(sum)
          0     4.0000000337e+00 Pr: 0(0); Du: 1(1) 0.0s
          1     4.0000000000e+00 Pr: 0(0) 0.0s
Required 1 simplex iterations after postsolve

Model name          : model
Model status        : Optimal
Simplex   iterations: 1
Objective value     :  4.0000000000e+00
P-D objective error :  0.0000000000e+00
HiGHS run time      :          0.00
Writing the solution to /var/folders/vw/gdr1xfp14098n0tnwkvtd8hw0000gp/T/des-highs-cli-jy09hvjo/solution.txt
Running HiGHS 1.14.0 (git hash: n/a): Copyright (c) 2026 under MIT licence terms
Command line parsed using CLI11 2.5.0: Copyright (c) 2017-2025 University of Cincinnati
Set option time_limit to 60
Set option solution_file to "/var/folders/vw/gdr1xfp14098n0tnwkvtd8hw0000gp/T/des-highs-cli-2rjny0pq/solution.txt"
LP model has 2 rows; 2 cols; 4 nonzeros
Coefficient ranges:
  Matrix  [1e+00, 1e+00]
  Cost    [1e+00, 1e+00]
  Bound   [4e+00, 4e+00]
  RHS     [4e+00, 4e+00]
Presolving model
2 rows, 2 cols, 4 nonzeros 0s
1 rows, 2 cols, 2 nonzeros 0s
0 rows, 0 cols, 0 nonzeros 0s
Presolve reductions: rows 0(-2); columns 0(-2); nonzeros 0(-4) - Reduced to empty
Performed postsolve
Solving the original LP from the solution after postsolve

Model name          : model
Model status        : Optimal
Objective value     :  0.0000000000e+00
P-D objective error :  0.0000000000e+00
HiGHS run time      :          0.00
Writing the solution to /var/folders/vw/gdr1xfp14098n0tnwkvtd8hw0000gp/T/des-highs-cli-2rjny0pq/solution.txt
Running HiGHS 1.14.0 (git hash: n/a): Copyright (c) 2026 under MIT licence terms
Command line parsed using CLI11 2.5.0: Copyright (c) 2017-2025 University of Cincinnati
Set option time_limit to 60
Set option solution_file to "/var/folders/vw/gdr1xfp14098n0tnwkvtd8hw0000gp/T/des-highs-cli-4xe9xyz5/solution.txt"
MIP model has 1 row; 2 cols; 2 nonzeros; 2 integer variables (2 binary)
Coefficient ranges:
  Matrix  [1e+00, 2e+00]
  Cost    [6e+00, 1e+01]
  Bound   [1e+00, 1e+00]
  RHS     [2e+00, 2e+00]
Presolving model
1 rows, 0 cols, 0 nonzeros 0s
0 rows, 0 cols, 0 nonzeros 0s
Presolve reductions: rows 0(-1); columns 0(-2); nonzeros 0(-2) - Reduced to empty
Presolve: Optimal

Src: B => Branching; C => Central rounding; F => Feasibility pump; H => Heuristic;
     I => Shifting; J => Feasibility jump; L => Sub-MIP; P => Empty MIP; R => Randomized rounding;
     S => Solve LP; T => Evaluate node; U => Unbounded; X => User solution; Y => HiGHS solution;
     Z => ZI Round; l => Trivial lower; p => Trivial point; u => Trivial upper; z => Trivial zero

        Nodes      |    B&B Tree     |            Objective Bounds              |  Dynamic Constraints |       Work      
Src  Proc. InQueue |  Leaves   Expl. | BestBound       BestSol              Gap |   Cuts   InLp Confl. | LpIters     Time

         0       0         0   0.00%   10              10                 0.00%        0      0      0         0     0.0s

Solving report
  Model             model
  Status            Optimal
  Primal bound      10
  Dual bound        10
  Gap               0% (tolerance: 0.01%)
  P-D integral      0
  Solution status   feasible
                    10 (objective)
                    0 (bound viol.)
                    0 (int. viol.)
                    0 (row viol.)
  Timing            0.00
  Max sub-MIP depth 0
  Nodes             0
  Repair LPs        0
  LP iterations     0
Writing the solution to /var/folders/vw/gdr1xfp14098n0tnwkvtd8hw0000gp/T/des-highs-cli-4xe9xyz5/solution.txt
Running HiGHS 1.14.0 (git hash: n/a): Copyright (c) 2026 under MIT licence terms
Command line parsed using CLI11 2.5.0: Copyright (c) 2017-2025 University of Cincinnati
Set option time_limit to 60
Set option solution_file to "/var/folders/vw/gdr1xfp14098n0tnwkvtd8hw0000gp/T/des-highs-cli-axwy5g6j/solution.txt"
MIP model has 2 rows; 2 cols; 2 nonzeros; 2 integer variables (2 binary)
Coefficient ranges:
  Matrix  [1e+00, 1e+00]
  Cost    [1e+00, 1e+00]
  Bound   [1e+00, 1e+00]
  RHS     [1e+00, 1e+00]
Presolving model
1 rows, 0 cols, 0 nonzeros 0s
0 rows, 0 cols, 0 nonzeros 0s
Presolve reductions: rows 0(-2); columns 0(-2); nonzeros 0(-2) - Reduced to empty
Presolve: Optimal

Src: B => Branching; C => Central rounding; F => Feasibility pump; H => Heuristic;
     I => Shifting; J => Feasibility jump; L => Sub-MIP; P => Empty MIP; R => Randomized rounding;
     S => Solve LP; T => Evaluate node; U => Unbounded; X => User solution; Y => HiGHS solution;
     Z => ZI Round; l => Trivial lower; p => Trivial point; u => Trivial upper; z => Trivial zero

        Nodes      |    B&B Tree     |            Objective Bounds              |  Dynamic Constraints |       Work      
Src  Proc. InQueue |  Leaves   Expl. | BestBound       BestSol              Gap |   Cuts   InLp Confl. | LpIters     Time

         0       0         0   0.00%   1               1                  0.00%        0      0      0         0     0.0s

Solving report
  Model             model
  Status            Optimal
  Primal bound      1
  Dual bound        1
  Gap               0% (tolerance: 0.01%)
  P-D integral      0
  Solution status   feasible
                    1 (objective)
                    0 (bound viol.)
                    0 (int. viol.)
                    0 (row viol.)
  Timing            0.00
  Max sub-MIP depth 0
  Nodes             0
  Repair LPs        0
  LP iterations     0
Writing the solution to /var/folders/vw/gdr1xfp14098n0tnwkvtd8hw0000gp/T/des-highs-cli-axwy5g6j/solution.txt
Running HiGHS 1.14.0 (git hash: n/a): Copyright (c) 2026 under MIT licence terms
Command line parsed using CLI11 2.5.0: Copyright (c) 2017-2025 University of Cincinnati
Set option time_limit to 60
Set option solution_file to "/var/folders/vw/gdr1xfp14098n0tnwkvtd8hw0000gp/T/des-highs-cli-vf54w2es/solution.txt"
MIP model has 3 rows; 3 cols; 7 nonzeros; 3 integer variables (3 binary)
Coefficient ranges:
  Matrix  [1e+00, 1e+00]
  Cost    [3e+00, 4e+00]
  Bound   [1e+00, 1e+00]
  RHS     [1e+00, 1e+00]
Presolving model
3 rows, 3 cols, 7 nonzeros 0s
0 rows, 0 cols, 0 nonzeros 0s
Presolve reductions: rows 0(-3); columns 0(-3); nonzeros 0(-7) - Reduced to empty
Presolve: Optimal

Src: B => Branching; C => Central rounding; F => Feasibility pump; H => Heuristic;
     I => Shifting; J => Feasibility jump; L => Sub-MIP; P => Empty MIP; R => Randomized rounding;
     S => Solve LP; T => Evaluate node; U => Unbounded; X => User solution; Y => HiGHS solution;
     Z => ZI Round; l => Trivial lower; p => Trivial point; u => Trivial upper; z => Trivial zero

        Nodes      |    B&B Tree     |            Objective Bounds              |  Dynamic Constraints |       Work      
Src  Proc. InQueue |  Leaves   Expl. | BestBound       BestSol              Gap |   Cuts   InLp Confl. | LpIters     Time

         0       0         0   0.00%   4               4                  0.00%        0      0      0         0     0.0s

Solving report
  Model             model
  Status            Optimal
  Primal bound      4
  Dual bound        4
  Gap               0% (tolerance: 0.01%)
  P-D integral      0
  Solution status   feasible
                    4 (objective)
                    0 (bound viol.)
                    0 (int. viol.)
                    0 (row viol.)
  Timing            0.00
  Max sub-MIP depth 0
  Nodes             0
  Repair LPs        0
  LP iterations     0
Writing the solution to /var/folders/vw/gdr1xfp14098n0tnwkvtd8hw0000gp/T/des-highs-cli-vf54w2es/solution.txt
Running HiGHS 1.14.0 (git hash: n/a): Copyright (c) 2026 under MIT licence terms
Command line parsed using CLI11 2.5.0: Copyright (c) 2017-2025 University of Cincinnati
Set option time_limit to 60
Set option solution_file to "/var/folders/vw/gdr1xfp14098n0tnwkvtd8hw0000gp/T/des-highs-cli-7ljbjuzx/solution.txt"
MIP model has 3 rows; 2 cols; 5 nonzeros; 1 integer variables (1 binary)
Coefficient ranges:
  Matrix  [1e+00, 1e+01]
  Cost    [1e+00, 1e+00]
  Bound   [1e+00, 1e+01]
  RHS     [1e+00, 1e+00]
Presolving model
2 rows, 2 cols, 4 nonzeros 0s
0 rows, 0 cols, 0 nonzeros 0s
Presolve reductions: rows 0(-3); columns 0(-2); nonzeros 0(-5) - Reduced to empty
Presolve: Optimal

Src: B => Branching; C => Central rounding; F => Feasibility pump; H => Heuristic;
     I => Shifting; J => Feasibility jump; L => Sub-MIP; P => Empty MIP; R => Randomized rounding;
     S => Solve LP; T => Evaluate node; U => Unbounded; X => User solution; Y => HiGHS solution;
     Z => ZI Round; l => Trivial lower; p => Trivial point; u => Trivial upper; z => Trivial zero

        Nodes      |    B&B Tree     |            Objective Bounds              |  Dynamic Constraints |       Work      
Src  Proc. InQueue |  Leaves   Expl. | BestBound       BestSol              Gap |   Cuts   InLp Confl. | LpIters     Time

         0       0         0   0.00%   5               5                  0.00%        0      0      0         0     0.0s

Solving report
  Model             model
  Status            Optimal
  Primal bound      5
  Dual bound        5
  Gap               0% (tolerance: 0.01%)
  P-D integral      0
  Solution status   feasible
                    5 (objective)
                    0 (bound viol.)
                    0 (int. viol.)
                    0 (row viol.)
  Timing            0.00
  Max sub-MIP depth 0
  Nodes             0
  Repair LPs        0
  LP iterations     0
Writing the solution to /var/folders/vw/gdr1xfp14098n0tnwkvtd8hw0000gp/T/des-highs-cli-7ljbjuzx/solution.txt
Running HiGHS 1.14.0 (git hash: n/a): Copyright (c) 2026 under MIT licence terms
Command line parsed using CLI11 2.5.0: Copyright (c) 2017-2025 University of Cincinnati
Set option time_limit to 60
Set option solution_file to "/var/folders/vw/gdr1xfp14098n0tnwkvtd8hw0000gp/T/des-highs-cli-ghyzp1ji/solution.txt"
MIP model has 3 rows; 2 cols; 5 nonzeros; 2 integer variables (1 binary)
Coefficient ranges:
  Matrix  [1e+00, 7e+00]
  Cost    [1e+00, 1e+00]
  Bound   [1e+00, 7e+00]
  RHS     [1e+00, 1e+00]
Presolving model
2 rows, 2 cols, 4 nonzeros 0s
0 rows, 0 cols, 0 nonzeros 0s
Presolve reductions: rows 0(-3); columns 0(-2); nonzeros 0(-5) - Reduced to empty
Presolve: Optimal

Src: B => Branching; C => Central rounding; F => Feasibility pump; H => Heuristic;
     I => Shifting; J => Feasibility jump; L => Sub-MIP; P => Empty MIP; R => Randomized rounding;
     S => Solve LP; T => Evaluate node; U => Unbounded; X => User solution; Y => HiGHS solution;
     Z => ZI Round; l => Trivial lower; p => Trivial point; u => Trivial upper; z => Trivial zero

        Nodes      |    B&B Tree     |            Objective Bounds              |  Dynamic Constraints |       Work      
Src  Proc. InQueue |  Leaves   Expl. | BestBound       BestSol              Gap |   Cuts   InLp Confl. | LpIters     Time

         0       0         0   0.00%   3               3                  0.00%        0      0      0         0     0.0s

Solving report
  Model             model
  Status            Optimal
  Primal bound      3
  Dual bound        3
  Gap               0% (tolerance: 0.01%)
  P-D integral      0
  Solution status   feasible
                    3 (objective)
                    0 (bound viol.)
                    0 (int. viol.)
                    0 (row viol.)
  Timing            0.00
  Max sub-MIP depth 0
  Nodes             0
  Repair LPs        0
  LP iterations     0
Writing the solution to /var/folders/vw/gdr1xfp14098n0tnwkvtd8hw0000gp/T/des-highs-cli-ghyzp1ji/solution.txt
Running HiGHS 1.14.0 (git hash: n/a): Copyright (c) 2026 under MIT licence terms
Command line parsed using CLI11 2.5.0: Copyright (c) 2017-2025 University of Cincinnati
Set option time_limit to 60
Set option solution_file to "/var/folders/vw/gdr1xfp14098n0tnwkvtd8hw0000gp/T/des-highs-cli-0scor12s/solution.txt"
MIP model has 3 rows; 2 cols; 4 nonzeros; 2 integer variables (1 binary)
Coefficient ranges:
  Matrix  [1e+00, 3e+00]
  Cost    [1e+00, 1e+00]
  Bound   [1e+00, 5e+00]
  RHS     [1e+00, 5e+00]
Presolving model
0 rows, 0 cols, 0 nonzeros 0s
0 rows, 0 cols, 0 nonzeros 0s
Presolve reductions: rows 0(-3); columns 0(-2); nonzeros 0(-4) - Reduced to empty
Presolve: Optimal

Src: B => Branching; C => Central rounding; F => Feasibility pump; H => Heuristic;
     I => Shifting; J => Feasibility jump; L => Sub-MIP; P => Empty MIP; R => Randomized rounding;
     S => Solve LP; T => Evaluate node; U => Unbounded; X => User solution; Y => HiGHS solution;
     Z => ZI Round; l => Trivial lower; p => Trivial point; u => Trivial upper; z => Trivial zero

        Nodes      |    B&B Tree     |            Objective Bounds              |  Dynamic Constraints |       Work      
Src  Proc. InQueue |  Leaves   Expl. | BestBound       BestSol              Gap |   Cuts   InLp Confl. | LpIters     Time

         0       0         0   0.00%   2               2                  0.00%        0      0      0         0     0.0s

Solving report
  Model             model
  Status            Optimal
  Primal bound      2
  Dual bound        2
  Gap               0% (tolerance: 0.01%)
  P-D integral      0
  Solution status   feasible
                    2 (objective)
                    0 (bound viol.)
                    0 (int. viol.)
                    0 (row viol.)
  Timing            0.00
  Max sub-MIP depth 0
  Nodes             0
  Repair LPs        0
  LP iterations     0
Writing the solution to /var/folders/vw/gdr1xfp14098n0tnwkvtd8hw0000gp/T/des-highs-cli-0scor12s/solution.txt
Running HiGHS 1.14.0 (git hash: n/a): Copyright (c) 2026 under MIT licence terms
Command line parsed using CLI11 2.5.0: Copyright (c) 2017-2025 University of Cincinnati
Set option time_limit to 60
Set option solution_file to "/var/folders/vw/gdr1xfp14098n0tnwkvtd8hw0000gp/T/des-highs-cli-j30p9mvk/solution.txt"
MIP model has 7 rows; 6 cols; 12 nonzeros; 3 integer variables (3 binary)
Coefficient ranges:
  Matrix  [1e+00, 1e+00]
  Cost    [3e+00, 7e+00]
  Bound   [1e+00, 1e+00]
  RHS     [1e+00, 1e+00]
Presolving model
4 rows, 6 cols, 9 nonzeros 0s
0 rows, 0 cols, 0 nonzeros 0s
Presolve reductions: rows 0(-7); columns 0(-6); nonzeros 0(-12) - Reduced to empty
Presolve: Optimal

Src: B => Branching; C => Central rounding; F => Feasibility pump; H => Heuristic;
     I => Shifting; J => Feasibility jump; L => Sub-MIP; P => Empty MIP; R => Randomized rounding;
     S => Solve LP; T => Evaluate node; U => Unbounded; X => User solution; Y => HiGHS solution;
     Z => ZI Round; l => Trivial lower; p => Trivial point; u => Trivial upper; z => Trivial zero

        Nodes      |    B&B Tree     |            Objective Bounds              |  Dynamic Constraints |       Work      
Src  Proc. InQueue |  Leaves   Expl. | BestBound       BestSol              Gap |   Cuts   InLp Confl. | LpIters     Time

         0       0         0   0.00%   7               7                  0.00%        0      0      0         0     0.0s

Solving report
  Model             model
  Status            Optimal
  Primal bound      7
  Dual bound        7
  Gap               0% (tolerance: 0.01%)
  P-D integral      0
  Solution status   feasible
                    7 (objective)
                    0 (bound viol.)
                    0 (int. viol.)
                    0 (row viol.)
  Timing            0.00
  Max sub-MIP depth 0
  Nodes             0
  Repair LPs        0
  LP iterations     0
Writing the solution to /var/folders/vw/gdr1xfp14098n0tnwkvtd8hw0000gp/T/des-highs-cli-j30p9mvk/solution.txt
Running HiGHS 1.14.0 (git hash: n/a): Copyright (c) 2026 under MIT licence terms
Command line parsed using CLI11 2.5.0: Copyright (c) 2017-2025 University of Cincinnati
Set option time_limit to 60
Set option solution_file to "/var/folders/vw/gdr1xfp14098n0tnwkvtd8hw0000gp/T/des-highs-cli-7dsupq16/solution.txt"
MIP model has 7 rows; 6 cols; 12 nonzeros; 6 integer variables (6 binary)
Coefficient ranges:
  Matrix  [1e+00, 1e+00]
  Cost    [3e+00, 7e+00]
  Bound   [1e+00, 1e+00]
  RHS     [1e+00, 1e+00]
Presolving model
4 rows, 3 cols, 3 nonzeros 0s
0 rows, 0 cols, 0 nonzeros 0s
Presolve reductions: rows 0(-7); columns 0(-6); nonzeros 0(-12) - Reduced to empty
Presolve: Optimal

Src: B => Branching; C => Central rounding; F => Feasibility pump; H => Heuristic;
     I => Shifting; J => Feasibility jump; L => Sub-MIP; P => Empty MIP; R => Randomized rounding;
     S => Solve LP; T => Evaluate node; U => Unbounded; X => User solution; Y => HiGHS solution;
     Z => ZI Round; l => Trivial lower; p => Trivial point; u => Trivial upper; z => Trivial zero

        Nodes      |    B&B Tree     |            Objective Bounds              |  Dynamic Constraints |       Work      
Src  Proc. InQueue |  Leaves   Expl. | BestBound       BestSol              Gap |   Cuts   InLp Confl. | LpIters     Time

         0       0         0   0.00%   7               7                  0.00%        0      0      0         0     0.0s

Solving report
  Model             model
  Status            Optimal
  Primal bound      7
  Dual bound        7
  Gap               0% (tolerance: 0.01%)
  P-D integral      0
  Solution status   feasible
                    7 (objective)
                    0 (bound viol.)
                    0 (int. viol.)
                    0 (row viol.)
  Timing            0.00
  Max sub-MIP depth 0
  Nodes             0
  Repair LPs        0
  LP iterations     0
Writing the solution to /var/folders/vw/gdr1xfp14098n0tnwkvtd8hw0000gp/T/des-highs-cli-7dsupq16/solution.txt
Running HiGHS 1.14.0 (git hash: n/a): Copyright (c) 2026 under MIT licence terms
Command line parsed using CLI11 2.5.0: Copyright (c) 2017-2025 University of Cincinnati
Set option time_limit to 60
Set option solution_file to "/var/folders/vw/gdr1xfp14098n0tnwkvtd8hw0000gp/T/des-highs-cli-5h9bpsh4/solution.txt"
MIP model has 9 rows; 5 cols; 18 nonzeros; 2 integer variables (2 binary)
Coefficient ranges:
  Matrix  [1e+00, 1e+00]
  Cost    [1e+00, 7e+00]
  Bound   [1e+00, 1e+00]
  RHS     [1e+00, 2e+00]
Presolving model
6 rows, 4 cols, 11 nonzeros 0s
3 rows, 4 cols, 7 nonzeros 0s
3 rows, 1 cols, 0 nonzeros 0s
0 rows, 0 cols, 0 nonzeros 0s
Presolve reductions: rows 0(-9); columns 0(-5); nonzeros 0(-18) - Reduced to empty
Presolve: Optimal

Src: B => Branching; C => Central rounding; F => Feasibility pump; H => Heuristic;
     I => Shifting; J => Feasibility jump; L => Sub-MIP; P => Empty MIP; R => Randomized rounding;
     S => Solve LP; T => Evaluate node; U => Unbounded; X => User solution; Y => HiGHS solution;
     Z => ZI Round; l => Trivial lower; p => Trivial point; u => Trivial upper; z => Trivial zero

        Nodes      |    B&B Tree     |            Objective Bounds              |  Dynamic Constraints |       Work      
Src  Proc. InQueue |  Leaves   Expl. | BestBound       BestSol              Gap |   Cuts   InLp Confl. | LpIters     Time

         0       0         0   0.00%   8               8                  0.00%        0      0      0         0     0.0s

Solving report
  Model             model
  Status            Optimal
  Primal bound      8
  Dual bound        8
  Gap               0% (tolerance: 0.01%)
  P-D integral      0
  Solution status   feasible
                    8 (objective)
                    0 (bound viol.)
                    0 (int. viol.)
                    0 (row viol.)
  Timing            0.00
  Max sub-MIP depth 0
  Nodes             0
  Repair LPs        0
  LP iterations     0
Writing the solution to /var/folders/vw/gdr1xfp14098n0tnwkvtd8hw0000gp/T/des-highs-cli-5h9bpsh4/solution.txt
Running HiGHS 1.14.0 (git hash: n/a): Copyright (c) 2026 under MIT licence terms
Command line parsed using CLI11 2.5.0: Copyright (c) 2017-2025 University of Cincinnati
Set option time_limit to 60
Set option solution_file to "/var/folders/vw/gdr1xfp14098n0tnwkvtd8hw0000gp/T/des-highs-cli-2sjb3duq/solution.txt"
MIP model has 9 rows; 5 cols; 18 nonzeros; 5 integer variables (5 binary)
Coefficient ranges:
  Matrix  [1e+00, 1e+00]
  Cost    [1e+00, 7e+00]
  Bound   [1e+00, 1e+00]
  RHS     [1e+00, 2e+00]
Presolving model
6 rows, 3 cols, 9 nonzeros 0s
1 rows, 2 cols, 2 nonzeros 0s
0 rows, 0 cols, 0 nonzeros 0s
Presolve reductions: rows 0(-9); columns 0(-5); nonzeros 0(-18) - Reduced to empty
Presolve: Optimal

Src: B => Branching; C => Central rounding; F => Feasibility pump; H => Heuristic;
     I => Shifting; J => Feasibility jump; L => Sub-MIP; P => Empty MIP; R => Randomized rounding;
     S => Solve LP; T => Evaluate node; U => Unbounded; X => User solution; Y => HiGHS solution;
     Z => ZI Round; l => Trivial lower; p => Trivial point; u => Trivial upper; z => Trivial zero

        Nodes      |    B&B Tree     |            Objective Bounds              |  Dynamic Constraints |       Work      
Src  Proc. InQueue |  Leaves   Expl. | BestBound       BestSol              Gap |   Cuts   InLp Confl. | LpIters     Time

         0       0         0   0.00%   8               8                  0.00%        0      0      0         0     0.0s

Solving report
  Model             model
  Status            Optimal
  Primal bound      8
  Dual bound        8
  Gap               0% (tolerance: 0.01%)
  P-D integral      0
  Solution status   feasible
                    8 (objective)
                    0 (bound viol.)
                    0 (int. viol.)
                    0 (row viol.)
  Timing            0.00
  Max sub-MIP depth 0
  Nodes             0
  Repair LPs        0
  LP iterations     0
Writing the solution to /var/folders/vw/gdr1xfp14098n0tnwkvtd8hw0000gp/T/des-highs-cli-2sjb3duq/solution.txt
Running HiGHS 1.14.0 (git hash: n/a): Copyright (c) 2026 under MIT licence terms
Command line parsed using CLI11 2.5.0: Copyright (c) 2017-2025 University of Cincinnati
Set option time_limit to 60
Set option solution_file to "/var/folders/vw/gdr1xfp14098n0tnwkvtd8hw0000gp/T/des-highs-cli-um66q4da/solution.txt"
MIP model has 10 rows; 4 cols; 18 nonzeros; 4 integer variables (4 binary)
Coefficient ranges:
  Matrix  [1e+00, 1e+00]
  Cost    [1e+00, 2e+00]
  Bound   [1e+00, 1e+00]
  RHS     [1e+00, 1e+00]
Presolving model
0 rows, 0 cols, 0 nonzeros 0s
0 rows, 0 cols, 0 nonzeros 0s
Presolve reductions: rows 0(-10); columns 0(-4); nonzeros 0(-18) - Reduced to empty
Presolve: Optimal

Src: B => Branching; C => Central rounding; F => Feasibility pump; H => Heuristic;
     I => Shifting; J => Feasibility jump; L => Sub-MIP; P => Empty MIP; R => Randomized rounding;
     S => Solve LP; T => Evaluate node; U => Unbounded; X => User solution; Y => HiGHS solution;
     Z => ZI Round; l => Trivial lower; p => Trivial point; u => Trivial upper; z => Trivial zero

        Nodes      |    B&B Tree     |            Objective Bounds              |  Dynamic Constraints |       Work      
Src  Proc. InQueue |  Leaves   Expl. | BestBound       BestSol              Gap |   Cuts   InLp Confl. | LpIters     Time

         0       0         0   0.00%   1               1                  0.00%        0      0      0         0     0.0s

Solving report
  Model             model
  Status            Optimal
  Primal bound      1
  Dual bound        1
  Gap               0% (tolerance: 0.01%)
  P-D integral      0
  Solution status   feasible
                    1 (objective)
                    0 (bound viol.)
                    0 (int. viol.)
                    0 (row viol.)
  Timing            0.00
  Max sub-MIP depth 0
  Nodes             0
  Repair LPs        0
  LP iterations     0
Writing the solution to /var/folders/vw/gdr1xfp14098n0tnwkvtd8hw0000gp/T/des-highs-cli-um66q4da/solution.txt
Running HiGHS 1.14.0 (git hash: n/a): Copyright (c) 2026 under MIT licence terms
Command line parsed using CLI11 2.5.0: Copyright (c) 2017-2025 University of Cincinnati
Set option time_limit to 60
Set option solution_file to "/var/folders/vw/gdr1xfp14098n0tnwkvtd8hw0000gp/T/des-highs-cli-7vf_df8u/solution.txt"
MIP model has 12 rows; 8 cols; 28 nonzeros; 8 integer variables (8 binary)
Coefficient ranges:
  Matrix  [1e+00, 2e+00]
  Cost    [1e+00, 2e+00]
  Bound   [1e+00, 1e+00]
  RHS     [1e+00, 1e+00]
Presolving model
1 rows, 0 cols, 0 nonzeros 0s
0 rows, 0 cols, 0 nonzeros 0s
Presolve reductions: rows 0(-12); columns 0(-8); nonzeros 0(-28) - Reduced to empty
Presolve: Optimal

Src: B => Branching; C => Central rounding; F => Feasibility pump; H => Heuristic;
     I => Shifting; J => Feasibility jump; L => Sub-MIP; P => Empty MIP; R => Randomized rounding;
     S => Solve LP; T => Evaluate node; U => Unbounded; X => User solution; Y => HiGHS solution;
     Z => ZI Round; l => Trivial lower; p => Trivial point; u => Trivial upper; z => Trivial zero

        Nodes      |    B&B Tree     |            Objective Bounds              |  Dynamic Constraints |       Work      
Src  Proc. InQueue |  Leaves   Expl. | BestBound       BestSol              Gap |   Cuts   InLp Confl. | LpIters     Time

         0       0         0   0.00%   2               2                  0.00%        0      0      0         0     0.0s

Solving report
  Model             model
  Status            Optimal
  Primal bound      2
  Dual bound        2
  Gap               0% (tolerance: 0.01%)
  P-D integral      0
  Solution status   feasible
                    2 (objective)
                    0 (bound viol.)
                    0 (int. viol.)
                    0 (row viol.)
  Timing            0.00
  Max sub-MIP depth 0
  Nodes             0
  Repair LPs        0
  LP iterations     0
Writing the solution to /var/folders/vw/gdr1xfp14098n0tnwkvtd8hw0000gp/T/des-highs-cli-7vf_df8u/solution.txt
Running HiGHS 1.14.0 (git hash: n/a): Copyright (c) 2026 under MIT licence terms
Command line parsed using CLI11 2.5.0: Copyright (c) 2017-2025 University of Cincinnati
Set option time_limit to 60
Set option solution_file to "/var/folders/vw/gdr1xfp14098n0tnwkvtd8hw0000gp/T/des-highs-cli-htq8izkv/solution.txt"
MIP model has 4 rows; 4 cols; 12 nonzeros; 4 integer variables (4 binary)
Coefficient ranges:
  Matrix  [1e+00, 1e+00]
  Cost    [2e+00, 5e+00]
  Bound   [1e+00, 1e+00]
  RHS     [1e+00, 2e+00]
Presolving model
4 rows, 4 cols, 12 nonzeros 0s
1 rows, 2 cols, 2 nonzeros 0s
0 rows, 0 cols, 0 nonzeros 0s
Presolve reductions: rows 0(-4); columns 0(-4); nonzeros 0(-12) - Reduced to empty
Presolve: Optimal

Src: B => Branching; C => Central rounding; F => Feasibility pump; H => Heuristic;
     I => Shifting; J => Feasibility jump; L => Sub-MIP; P => Empty MIP; R => Randomized rounding;
     S => Solve LP; T => Evaluate node; U => Unbounded; X => User solution; Y => HiGHS solution;
     Z => ZI Round; l => Trivial lower; p => Trivial point; u => Trivial upper; z => Trivial zero

        Nodes      |    B&B Tree     |            Objective Bounds              |  Dynamic Constraints |       Work      
Src  Proc. InQueue |  Leaves   Expl. | BestBound       BestSol              Gap |   Cuts   InLp Confl. | LpIters     Time

         0       0         0   0.00%   8               8                  0.00%        0      0      0         0     0.0s

Solving report
  Model             model
  Status            Optimal
  Primal bound      8
  Dual bound        8
  Gap               0% (tolerance: 0.01%)
  P-D integral      0
  Solution status   feasible
                    8 (objective)
                    0 (bound viol.)
                    0 (int. viol.)
                    0 (row viol.)
  Timing            0.00
  Max sub-MIP depth 0
  Nodes             0
  Repair LPs        0
  LP iterations     0
Writing the solution to /var/folders/vw/gdr1xfp14098n0tnwkvtd8hw0000gp/T/des-highs-cli-htq8izkv/solution.txt
Running HiGHS 1.14.0 (git hash: n/a): Copyright (c) 2026 under MIT licence terms
Command line parsed using CLI11 2.5.0: Copyright (c) 2017-2025 University of Cincinnati
Set option time_limit to 60
Set option solution_file to "/var/folders/vw/gdr1xfp14098n0tnwkvtd8hw0000gp/T/des-highs-cli-gticbbom/solution.txt"
MIP model has 3 rows; 3 cols; 7 nonzeros; 3 integer variables (3 binary)
Coefficient ranges:
  Matrix  [1e+00, 1e+00]
  Cost    [2e+00, 4e+00]
  Bound   [1e+00, 1e+00]
  RHS     [1e+00, 1e+00]
Presolving model
2 rows, 2 cols, 4 nonzeros 0s
0 rows, 0 cols, 0 nonzeros 0s
Presolve reductions: rows 0(-3); columns 0(-3); nonzeros 0(-7) - Reduced to empty
Presolve: Optimal

Src: B => Branching; C => Central rounding; F => Feasibility pump; H => Heuristic;
     I => Shifting; J => Feasibility jump; L => Sub-MIP; P => Empty MIP; R => Randomized rounding;
     S => Solve LP; T => Evaluate node; U => Unbounded; X => User solution; Y => HiGHS solution;
     Z => ZI Round; l => Trivial lower; p => Trivial point; u => Trivial upper; z => Trivial zero

        Nodes      |    B&B Tree     |            Objective Bounds              |  Dynamic Constraints |       Work      
Src  Proc. InQueue |  Leaves   Expl. | BestBound       BestSol              Gap |   Cuts   InLp Confl. | LpIters     Time

         0       0         0   0.00%   9               9                  0.00%        0      0      0         0     0.0s

Solving report
  Model             model
  Status            Optimal
  Primal bound      9
  Dual bound        9
  Gap               0% (tolerance: 0.01%)
  P-D integral      0
  Solution status   feasible
                    9 (objective)
                    0 (bound viol.)
                    0 (int. viol.)
                    0 (row viol.)
  Timing            0.00
  Max sub-MIP depth 0
  Nodes             0
  Repair LPs        0
  LP iterations     0
Writing the solution to /var/folders/vw/gdr1xfp14098n0tnwkvtd8hw0000gp/T/des-highs-cli-gticbbom/solution.txt
Running HiGHS 1.14.0 (git hash: n/a): Copyright (c) 2026 under MIT licence terms
Command line parsed using CLI11 2.5.0: Copyright (c) 2017-2025 University of Cincinnati
Set option time_limit to 60
Set option solution_file to "/var/folders/vw/gdr1xfp14098n0tnwkvtd8hw0000gp/T/des-highs-cli-o53axluy/solution.txt"
MIP model has 12 rows; 19 cols; 108 nonzeros; 19 integer variables (16 binary)
Coefficient ranges:
  Matrix  [1e+00, 9e+00]
  Cost    [1e+00, 1e+00]
  Bound   [1e+00, 9e+00]
  RHS     [1e+00, 3e+00]
Presolving model
8 rows, 13 cols, 72 nonzeros 0s
4 rows, 13 cols, 36 nonzeros 0s
3 rows, 0 cols, 0 nonzeros 0s
0 rows, 0 cols, 0 nonzeros 0s
Presolve reductions: rows 0(-12); columns 0(-19); nonzeros 0(-108) - Reduced to empty
Presolve: Optimal

Src: B => Branching; C => Central rounding; F => Feasibility pump; H => Heuristic;
     I => Shifting; J => Feasibility jump; L => Sub-MIP; P => Empty MIP; R => Randomized rounding;
     S => Solve LP; T => Evaluate node; U => Unbounded; X => User solution; Y => HiGHS solution;
     Z => ZI Round; l => Trivial lower; p => Trivial point; u => Trivial upper; z => Trivial zero

        Nodes      |    B&B Tree     |            Objective Bounds              |  Dynamic Constraints |       Work      
Src  Proc. InQueue |  Leaves   Expl. | BestBound       BestSol              Gap |   Cuts   InLp Confl. | LpIters     Time

         0       0         0   0.00%   6               6                  0.00%        0      0      0         0     0.0s

Solving report
  Model             model
  Status            Optimal
  Primal bound      6
  Dual bound        6
  Gap               0% (tolerance: 0.01%)
  P-D integral      0
  Solution status   feasible
                    6 (objective)
                    0 (bound viol.)
                    0 (int. viol.)
                    0 (row viol.)
  Timing            0.00
  Max sub-MIP depth 0
  Nodes             0
  Repair LPs        0
  LP iterations     0
Writing the solution to /var/folders/vw/gdr1xfp14098n0tnwkvtd8hw0000gp/T/des-highs-cli-o53axluy/solution.txt
Running HiGHS 1.14.0 (git hash: n/a): Copyright (c) 2026 under MIT licence terms
Command line parsed using CLI11 2.5.0: Copyright (c) 2017-2025 University of Cincinnati
Set option time_limit to 60
Set option solution_file to "/var/folders/vw/gdr1xfp14098n0tnwkvtd8hw0000gp/T/des-highs-cli-ri67qlq1/solution.txt"
MIP model has 20 rows; 140 cols; 984 nonzeros; 140 integer variables (136 binary)
Coefficient ranges:
  Matrix  [1e+00, 8e+00]
  Cost    [1e+00, 1e+00]
  Bound   [1e+00, 2e+01]
  RHS     [1e+00, 8e+00]
Presolving model
16 rows, 104 cols, 728 nonzeros 0s
8 rows, 0 cols, 0 nonzeros 0s
0 rows, 0 cols, 0 nonzeros 0s
Presolve reductions: rows 0(-20); columns 0(-140); nonzeros 0(-984) - Reduced to empty
Presolve: Optimal

Src: B => Branching; C => Central rounding; F => Feasibility pump; H => Heuristic;
     I => Shifting; J => Feasibility jump; L => Sub-MIP; P => Empty MIP; R => Randomized rounding;
     S => Solve LP; T => Evaluate node; U => Unbounded; X => User solution; Y => HiGHS solution;
     Z => ZI Round; l => Trivial lower; p => Trivial point; u => Trivial upper; z => Trivial zero

        Nodes      |    B&B Tree     |            Objective Bounds              |  Dynamic Constraints |       Work      
Src  Proc. InQueue |  Leaves   Expl. | BestBound       BestSol              Gap |   Cuts   InLp Confl. | LpIters     Time

         0       0         0   0.00%   9               9                  0.00%        0      0      0         0     0.0s

Solving report
  Model             model
  Status            Optimal
  Primal bound      9
  Dual bound        9
  Gap               0% (tolerance: 0.01%)
  P-D integral      0
  Solution status   feasible
                    9 (objective)
                    0 (bound viol.)
                    0 (int. viol.)
                    0 (row viol.)
  Timing            0.00
  Max sub-MIP depth 0
  Nodes             0
  Repair LPs        0
  LP iterations     0
Writing the solution to /var/folders/vw/gdr1xfp14098n0tnwkvtd8hw0000gp/T/des-highs-cli-ri67qlq1/solution.txt
Running HiGHS 1.14.0 (git hash: n/a): Copyright (c) 2026 under MIT licence terms
Command line parsed using CLI11 2.5.0: Copyright (c) 2017-2025 University of Cincinnati
Set option time_limit to 60
Set option solution_file to "/var/folders/vw/gdr1xfp14098n0tnwkvtd8hw0000gp/T/des-highs-cli-g2bg4vzj/solution.txt"
MIP model has 8 rows; 3 cols; 16 nonzeros; 1 integer variables (1 binary)
Coefficient ranges:
  Matrix  [1e+00, 1e+01]
  Cost    [1e+00, 1e+00]
  Bound   [1e+00, 9e+00]
  RHS     [2e+00, 5e+00]
Presolving model
0 rows, 0 cols, 0 nonzeros 0s
0 rows, 0 cols, 0 nonzeros 0s
Presolve reductions: rows 0(-8); columns 0(-3); nonzeros 0(-16) - Reduced to empty
Presolve: Optimal

Src: B => Branching; C => Central rounding; F => Feasibility pump; H => Heuristic;
     I => Shifting; J => Feasibility jump; L => Sub-MIP; P => Empty MIP; R => Randomized rounding;
     S => Solve LP; T => Evaluate node; U => Unbounded; X => User solution; Y => HiGHS solution;
     Z => ZI Round; l => Trivial lower; p => Trivial point; u => Trivial upper; z => Trivial zero

        Nodes      |    B&B Tree     |            Objective Bounds              |  Dynamic Constraints |       Work      
Src  Proc. InQueue |  Leaves   Expl. | BestBound       BestSol              Gap |   Cuts   InLp Confl. | LpIters     Time

         0       0         0   0.00%   3               3                  0.00%        0      0      0         0     0.0s

Solving report
  Model             model
  Status            Optimal
  Primal bound      3
  Dual bound        3
  Gap               0% (tolerance: 0.01%)
  P-D integral      0
  Solution status   feasible
                    3 (objective)
                    0 (bound viol.)
                    0 (int. viol.)
                    0 (row viol.)
  Timing            0.00
  Max sub-MIP depth 0
  Nodes             0
  Repair LPs        0
  LP iterations     0
Writing the solution to /var/folders/vw/gdr1xfp14098n0tnwkvtd8hw0000gp/T/des-highs-cli-g2bg4vzj/solution.txt
Running HiGHS 1.14.0 (git hash: n/a): Copyright (c) 2026 under MIT licence terms
Command line parsed using CLI11 2.5.0: Copyright (c) 2017-2025 University of Cincinnati
Set option time_limit to 60
Set option solution_file to "/var/folders/vw/gdr1xfp14098n0tnwkvtd8hw0000gp/T/des-highs-cli-rdm69ugm/solution.txt"
MIP model has 8 rows; 3 cols; 16 nonzeros; 3 integer variables (1 binary)
Coefficient ranges:
  Matrix  [1e+00, 1e+01]
  Cost    [1e+00, 1e+00]
  Bound   [1e+00, 9e+00]
  RHS     [2e+00, 5e+00]
Presolving model
0 rows, 0 cols, 0 nonzeros 0s
0 rows, 0 cols, 0 nonzeros 0s
Presolve reductions: rows 0(-8); columns 0(-3); nonzeros 0(-16) - Reduced to empty
Presolve: Optimal

Src: B => Branching; C => Central rounding; F => Feasibility pump; H => Heuristic;
     I => Shifting; J => Feasibility jump; L => Sub-MIP; P => Empty MIP; R => Randomized rounding;
     S => Solve LP; T => Evaluate node; U => Unbounded; X => User solution; Y => HiGHS solution;
     Z => ZI Round; l => Trivial lower; p => Trivial point; u => Trivial upper; z => Trivial zero

        Nodes      |    B&B Tree     |            Objective Bounds              |  Dynamic Constraints |       Work      
Src  Proc. InQueue |  Leaves   Expl. | BestBound       BestSol              Gap |   Cuts   InLp Confl. | LpIters     Time

         0       0         0   0.00%   3               3                  0.00%        0      0      0         0     0.0s

Solving report
  Model             model
  Status            Optimal
  Primal bound      3
  Dual bound        3
  Gap               0% (tolerance: 0.01%)
  P-D integral      0
  Solution status   feasible
                    3 (objective)
                    0 (bound viol.)
                    0 (int. viol.)
                    0 (row viol.)
  Timing            0.00
  Max sub-MIP depth 0
  Nodes             0
  Repair LPs        0
  LP iterations     0
Writing the solution to /var/folders/vw/gdr1xfp14098n0tnwkvtd8hw0000gp/T/des-highs-cli-rdm69ugm/solution.txt
Running HiGHS 1.14.0 (git hash: n/a): Copyright (c) 2026 under MIT licence terms
Command line parsed using CLI11 2.5.0: Copyright (c) 2017-2025 University of Cincinnati
Set option time_limit to 60
Set option solution_file to "/var/folders/vw/gdr1xfp14098n0tnwkvtd8hw0000gp/T/des-highs-cli-pmq4wlm9/solution.txt"
MIP model has 9 rows; 5 cols; 16 nonzeros; 2 integer variables (2 binary)
Coefficient ranges:
  Matrix  [1e+00, 7e+00]
  Cost    [1e+00, 1e+00]
  Bound   [1e+00, 7e+00]
  RHS     [1e+00, 7e+00]
Presolving model
0 rows, 0 cols, 0 nonzeros 0s
0 rows, 0 cols, 0 nonzeros 0s
Presolve reductions: rows 0(-9); columns 0(-5); nonzeros 0(-16) - Reduced to empty
Presolve: Optimal

Src: B => Branching; C => Central rounding; F => Feasibility pump; H => Heuristic;
     I => Shifting; J => Feasibility jump; L => Sub-MIP; P => Empty MIP; R => Randomized rounding;
     S => Solve LP; T => Evaluate node; U => Unbounded; X => User solution; Y => HiGHS solution;
     Z => ZI Round; l => Trivial lower; p => Trivial point; u => Trivial upper; z => Trivial zero

        Nodes      |    B&B Tree     |            Objective Bounds              |  Dynamic Constraints |       Work      
Src  Proc. InQueue |  Leaves   Expl. | BestBound       BestSol              Gap |   Cuts   InLp Confl. | LpIters     Time

         0       0         0   0.00%   4               4                  0.00%        0      0      0         0     0.0s

Solving report
  Model             model
  Status            Optimal
  Primal bound      4
  Dual bound        4
  Gap               0% (tolerance: 0.01%)
  P-D integral      0
  Solution status   feasible
                    4 (objective)
                    0 (bound viol.)
                    0 (int. viol.)
                    0 (row viol.)
  Timing            0.00
  Max sub-MIP depth 0
  Nodes             0
  Repair LPs        0
  LP iterations     0
Writing the solution to /var/folders/vw/gdr1xfp14098n0tnwkvtd8hw0000gp/T/des-highs-cli-pmq4wlm9/solution.txt
Running HiGHS 1.14.0 (git hash: n/a): Copyright (c) 2026 under MIT licence terms
Command line parsed using CLI11 2.5.0: Copyright (c) 2017-2025 University of Cincinnati
Set option time_limit to 60
Set option solution_file to "/var/folders/vw/gdr1xfp14098n0tnwkvtd8hw0000gp/T/des-highs-cli-kr4bz17j/solution.txt"
MIP model has 9 rows; 5 cols; 16 nonzeros; 5 integer variables (2 binary)
Coefficient ranges:
  Matrix  [1e+00, 7e+00]
  Cost    [1e+00, 1e+00]
  Bound   [1e+00, 7e+00]
  RHS     [1e+00, 7e+00]
Presolving model
0 rows, 0 cols, 0 nonzeros 0s
0 rows, 0 cols, 0 nonzeros 0s
Presolve reductions: rows 0(-9); columns 0(-5); nonzeros 0(-16) - Reduced to empty
Presolve: Optimal

Src: B => Branching; C => Central rounding; F => Feasibility pump; H => Heuristic;
     I => Shifting; J => Feasibility jump; L => Sub-MIP; P => Empty MIP; R => Randomized rounding;
     S => Solve LP; T => Evaluate node; U => Unbounded; X => User solution; Y => HiGHS solution;
     Z => ZI Round; l => Trivial lower; p => Trivial point; u => Trivial upper; z => Trivial zero

        Nodes      |    B&B Tree     |            Objective Bounds              |  Dynamic Constraints |       Work      
Src  Proc. InQueue |  Leaves   Expl. | BestBound       BestSol              Gap |   Cuts   InLp Confl. | LpIters     Time

         0       0         0   0.00%   4               4                  0.00%        0      0      0         0     0.0s

Solving report
  Model             model
  Status            Optimal
  Primal bound      4
  Dual bound        4
  Gap               0% (tolerance: 0.01%)
  P-D integral      0
  Solution status   feasible
                    4 (objective)
                    0 (bound viol.)
                    0 (int. viol.)
                    0 (row viol.)
  Timing            0.00
  Max sub-MIP depth 0
  Nodes             0
  Repair LPs        0
  LP iterations     0
Writing the solution to /var/folders/vw/gdr1xfp14098n0tnwkvtd8hw0000gp/T/des-highs-cli-kr4bz17j/solution.txt
Running HiGHS 1.14.0 (git hash: n/a): Copyright (c) 2026 under MIT licence terms
Command line parsed using CLI11 2.5.0: Copyright (c) 2017-2025 University of Cincinnati
Set option time_limit to 60
Set option solution_file to "/var/folders/vw/gdr1xfp14098n0tnwkvtd8hw0000gp/T/des-highs-cli-ridw54l2/solution.txt"
MIP model has 9 rows; 5 cols; 16 nonzeros; 2 integer variables (2 binary)
Coefficient ranges:
  Matrix  [1e+00, 7e+00]
  Cost    [1e+00, 1e+00]
  Bound   [1e+00, 7e+00]
  RHS     [1e+00, 7e+00]
Presolving model
0 rows, 0 cols, 0 nonzeros 0s
0 rows, 0 cols, 0 nonzeros 0s
Presolve reductions: rows 0(-9); columns 0(-5); nonzeros 0(-16) - Reduced to empty
Presolve: Optimal

Src: B => Branching; C => Central rounding; F => Feasibility pump; H => Heuristic;
     I => Shifting; J => Feasibility jump; L => Sub-MIP; P => Empty MIP; R => Randomized rounding;
     S => Solve LP; T => Evaluate node; U => Unbounded; X => User solution; Y => HiGHS solution;
     Z => ZI Round; l => Trivial lower; p => Trivial point; u => Trivial upper; z => Trivial zero

        Nodes      |    B&B Tree     |            Objective Bounds              |  Dynamic Constraints |       Work      
Src  Proc. InQueue |  Leaves   Expl. | BestBound       BestSol              Gap |   Cuts   InLp Confl. | LpIters     Time

         0       0         0   0.00%   3               3                  0.00%        0      0      0         0     0.0s

Solving report
  Model             model
  Status            Optimal
  Primal bound      3
  Dual bound        3
  Gap               0% (tolerance: 0.01%)
  P-D integral      0
  Solution status   feasible
                    3 (objective)
                    0 (bound viol.)
                    0 (int. viol.)
                    0 (row viol.)
  Timing            0.00
  Max sub-MIP depth 0
  Nodes             0
  Repair LPs        0
  LP iterations     0
Writing the solution to /var/folders/vw/gdr1xfp14098n0tnwkvtd8hw0000gp/T/des-highs-cli-ridw54l2/solution.txt
Running HiGHS 1.14.0 (git hash: n/a): Copyright (c) 2026 under MIT licence terms
Command line parsed using CLI11 2.5.0: Copyright (c) 2017-2025 University of Cincinnati
Set option time_limit to 60
Set option solution_file to "/var/folders/vw/gdr1xfp14098n0tnwkvtd8hw0000gp/T/des-highs-cli-yirmshsj/solution.txt"
MIP model has 9 rows; 5 cols; 16 nonzeros; 5 integer variables (2 binary)
Coefficient ranges:
  Matrix  [1e+00, 7e+00]
  Cost    [1e+00, 1e+00]
  Bound   [1e+00, 7e+00]
  RHS     [1e+00, 7e+00]
Presolving model
0 rows, 0 cols, 0 nonzeros 0s
0 rows, 0 cols, 0 nonzeros 0s
Presolve reductions: rows 0(-9); columns 0(-5); nonzeros 0(-16) - Reduced to empty
Presolve: Optimal

Src: B => Branching; C => Central rounding; F => Feasibility pump; H => Heuristic;
     I => Shifting; J => Feasibility jump; L => Sub-MIP; P => Empty MIP; R => Randomized rounding;
     S => Solve LP; T => Evaluate node; U => Unbounded; X => User solution; Y => HiGHS solution;
     Z => ZI Round; l => Trivial lower; p => Trivial point; u => Trivial upper; z => Trivial zero

        Nodes      |    B&B Tree     |            Objective Bounds              |  Dynamic Constraints |       Work      
Src  Proc. InQueue |  Leaves   Expl. | BestBound       BestSol              Gap |   Cuts   InLp Confl. | LpIters     Time

         0       0         0   0.00%   3               3                  0.00%        0      0      0         0     0.0s

Solving report
  Model             model
  Status            Optimal
  Primal bound      3
  Dual bound        3
  Gap               0% (tolerance: 0.01%)
  P-D integral      0
  Solution status   feasible
                    3 (objective)
                    0 (bound viol.)
                    0 (int. viol.)
                    0 (row viol.)
  Timing            0.00
  Max sub-MIP depth 0
  Nodes             0
  Repair LPs        0
  LP iterations     0
Writing the solution to /var/folders/vw/gdr1xfp14098n0tnwkvtd8hw0000gp/T/des-highs-cli-yirmshsj/solution.txt
Running HiGHS 1.14.0 (git hash: n/a): Copyright (c) 2026 under MIT licence terms
Command line parsed using CLI11 2.5.0: Copyright (c) 2017-2025 University of Cincinnati
Set option time_limit to 60
Set option solution_file to "/var/folders/vw/gdr1xfp14098n0tnwkvtd8hw0000gp/T/des-highs-cli-craml8km/solution.txt"
MIP model has 18 rows; 7 cols; 38 nonzeros; 2 integer variables (2 binary)
Coefficient ranges:
  Matrix  [1e+00, 8e+00]
  Cost    [1e+00, 1e+00]
  Bound   [1e+00, 8e+00]
  RHS     [2e+00, 7e+00]
Presolving model
0 rows, 0 cols, 0 nonzeros 0s
0 rows, 0 cols, 0 nonzeros 0s
Presolve reductions: rows 0(-18); columns 0(-7); nonzeros 0(-38) - Reduced to empty
Presolve: Optimal

Src: B => Branching; C => Central rounding; F => Feasibility pump; H => Heuristic;
     I => Shifting; J => Feasibility jump; L => Sub-MIP; P => Empty MIP; R => Randomized rounding;
     S => Solve LP; T => Evaluate node; U => Unbounded; X => User solution; Y => HiGHS solution;
     Z => ZI Round; l => Trivial lower; p => Trivial point; u => Trivial upper; z => Trivial zero

        Nodes      |    B&B Tree     |            Objective Bounds              |  Dynamic Constraints |       Work      
Src  Proc. InQueue |  Leaves   Expl. | BestBound       BestSol              Gap |   Cuts   InLp Confl. | LpIters     Time

         0       0         0   0.00%   5               5                  0.00%        0      0      0         0     0.0s

Solving report
  Model             model
  Status            Optimal
  Primal bound      5
  Dual bound        5
  Gap               0% (tolerance: 0.01%)
  P-D integral      0
  Solution status   feasible
                    5 (objective)
                    0 (bound viol.)
                    0 (int. viol.)
                    0 (row viol.)
  Timing            0.00
  Max sub-MIP depth 0
  Nodes             0
  Repair LPs        0
  LP iterations     0
Writing the solution to /var/folders/vw/gdr1xfp14098n0tnwkvtd8hw0000gp/T/des-highs-cli-craml8km/solution.txt
Running HiGHS 1.14.0 (git hash: n/a): Copyright (c) 2026 under MIT licence terms
Command line parsed using CLI11 2.5.0: Copyright (c) 2017-2025 University of Cincinnati
Set option time_limit to 60
Set option solution_file to "/var/folders/vw/gdr1xfp14098n0tnwkvtd8hw0000gp/T/des-highs-cli-aeqe3v34/solution.txt"
MIP model has 18 rows; 7 cols; 38 nonzeros; 7 integer variables (2 binary)
Coefficient ranges:
  Matrix  [1e+00, 8e+00]
  Cost    [1e+00, 1e+00]
  Bound   [1e+00, 8e+00]
  RHS     [2e+00, 7e+00]
Presolving model
0 rows, 0 cols, 0 nonzeros 0s
0 rows, 0 cols, 0 nonzeros 0s
Presolve reductions: rows 0(-18); columns 0(-7); nonzeros 0(-38) - Reduced to empty
Presolve: Optimal

Src: B => Branching; C => Central rounding; F => Feasibility pump; H => Heuristic;
     I => Shifting; J => Feasibility jump; L => Sub-MIP; P => Empty MIP; R => Randomized rounding;
     S => Solve LP; T => Evaluate node; U => Unbounded; X => User solution; Y => HiGHS solution;
     Z => ZI Round; l => Trivial lower; p => Trivial point; u => Trivial upper; z => Trivial zero

        Nodes      |    B&B Tree     |            Objective Bounds              |  Dynamic Constraints |       Work      
Src  Proc. InQueue |  Leaves   Expl. | BestBound       BestSol              Gap |   Cuts   InLp Confl. | LpIters     Time

         0       0         0   0.00%   5               5                  0.00%        0      0      0         0     0.0s

Solving report
  Model             model
  Status            Optimal
  Primal bound      5
  Dual bound        5
  Gap               0% (tolerance: 0.01%)
  P-D integral      0
  Solution status   feasible
                    5 (objective)
                    0 (bound viol.)
                    0 (int. viol.)
                    0 (row viol.)
  Timing            0.00
  Max sub-MIP depth 0
  Nodes             0
  Repair LPs        0
  LP iterations     0
Writing the solution to /var/folders/vw/gdr1xfp14098n0tnwkvtd8hw0000gp/T/des-highs-cli-aeqe3v34/solution.txt
Running HiGHS 1.14.0 (git hash: n/a): Copyright (c) 2026 under MIT licence terms
Command line parsed using CLI11 2.5.0: Copyright (c) 2017-2025 University of Cincinnati
Set option time_limit to 60
Set option solution_file to "/var/folders/vw/gdr1xfp14098n0tnwkvtd8hw0000gp/T/des-highs-cli-54tyhzc_/solution.txt"
MIP model has 21 rows; 9 cols; 44 nonzeros; 4 integer variables (4 binary)
Coefficient ranges:
  Matrix  [1e+00, 8e+00]
  Cost    [1e+00, 1e+00]
  Bound   [1e+00, 8e+00]
  RHS     [1e+00, 7e+00]
Presolving model
0 rows, 0 cols, 0 nonzeros 0s
0 rows, 0 cols, 0 nonzeros 0s
Presolve reductions: rows 0(-21); columns 0(-9); nonzeros 0(-44) - Reduced to empty
Presolve: Optimal

Src: B => Branching; C => Central rounding; F => Feasibility pump; H => Heuristic;
     I => Shifting; J => Feasibility jump; L => Sub-MIP; P => Empty MIP; R => Randomized rounding;
     S => Solve LP; T => Evaluate node; U => Unbounded; X => User solution; Y => HiGHS solution;
     Z => ZI Round; l => Trivial lower; p => Trivial point; u => Trivial upper; z => Trivial zero

        Nodes      |    B&B Tree     |            Objective Bounds              |  Dynamic Constraints |       Work      
Src  Proc. InQueue |  Leaves   Expl. | BestBound       BestSol              Gap |   Cuts   InLp Confl. | LpIters     Time

         0       0         0   0.00%   3               3                  0.00%        0      0      0         0     0.0s

Solving report
  Model             model
  Status            Optimal
  Primal bound      3
  Dual bound        3
  Gap               0% (tolerance: 0.01%)
  P-D integral      0
  Solution status   feasible
                    3 (objective)
                    0 (bound viol.)
                    0 (int. viol.)
                    0 (row viol.)
  Timing            0.00
  Max sub-MIP depth 0
  Nodes             0
  Repair LPs        0
  LP iterations     0
Writing the solution to /var/folders/vw/gdr1xfp14098n0tnwkvtd8hw0000gp/T/des-highs-cli-54tyhzc_/solution.txt
Running HiGHS 1.14.0 (git hash: n/a): Copyright (c) 2026 under MIT licence terms
Command line parsed using CLI11 2.5.0: Copyright (c) 2017-2025 University of Cincinnati
Set option time_limit to 60
Set option solution_file to "/var/folders/vw/gdr1xfp14098n0tnwkvtd8hw0000gp/T/des-highs-cli-xo7s0rzh/solution.txt"
MIP model has 21 rows; 9 cols; 44 nonzeros; 9 integer variables (4 binary)
Coefficient ranges:
  Matrix  [1e+00, 8e+00]
  Cost    [1e+00, 1e+00]
  Bound   [1e+00, 8e+00]
  RHS     [1e+00, 7e+00]
Presolving model
0 rows, 0 cols, 0 nonzeros 0s
0 rows, 0 cols, 0 nonzeros 0s
Presolve reductions: rows 0(-21); columns 0(-9); nonzeros 0(-44) - Reduced to empty
Presolve: Optimal

Src: B => Branching; C => Central rounding; F => Feasibility pump; H => Heuristic;
     I => Shifting; J => Feasibility jump; L => Sub-MIP; P => Empty MIP; R => Randomized rounding;
     S => Solve LP; T => Evaluate node; U => Unbounded; X => User solution; Y => HiGHS solution;
     Z => ZI Round; l => Trivial lower; p => Trivial point; u => Trivial upper; z => Trivial zero

        Nodes      |    B&B Tree     |            Objective Bounds              |  Dynamic Constraints |       Work      
Src  Proc. InQueue |  Leaves   Expl. | BestBound       BestSol              Gap |   Cuts   InLp Confl. | LpIters     Time

         0       0         0   0.00%   3               3                  0.00%        0      0      0         0     0.0s

Solving report
  Model             model
  Status            Optimal
  Primal bound      3
  Dual bound        3
  Gap               0% (tolerance: 0.01%)
  P-D integral      0
  Solution status   feasible
                    3 (objective)
                    0 (bound viol.)
                    0 (int. viol.)
                    0 (row viol.)
  Timing            0.00
  Max sub-MIP depth 0
  Nodes             0
  Repair LPs        0
  LP iterations     0
Writing the solution to /var/folders/vw/gdr1xfp14098n0tnwkvtd8hw0000gp/T/des-highs-cli-xo7s0rzh/solution.txt
Running HiGHS 1.14.0 (git hash: n/a): Copyright (c) 2026 under MIT licence terms
Command line parsed using CLI11 2.5.0: Copyright (c) 2017-2025 University of Cincinnati
Set option time_limit to 60
Set option solution_file to "/var/folders/vw/gdr1xfp14098n0tnwkvtd8hw0000gp/T/des-highs-cli-6x47g0n3/solution.txt"
MIP model has 11 rows; 7 cols; 26 nonzeros; 2 integer variables (2 binary)
Coefficient ranges:
  Matrix  [1e+00, 4e+00]
  Cost    [1e+00, 1e+00]
  Bound   [1e+00, 4e+00]
  RHS     [1e+00, 2e+00]
Presolving model
8 rows, 3 cols, 14 nonzeros 0s
3 rows, 2 cols, 6 nonzeros 0s
0 rows, 0 cols, 0 nonzeros 0s
0 rows, 0 cols, 0 nonzeros 0s
Presolve reductions: rows 0(-11); columns 0(-7); nonzeros 0(-26) - Reduced to empty
Presolve: Optimal

Src: B => Branching; C => Central rounding; F => Feasibility pump; H => Heuristic;
     I => Shifting; J => Feasibility jump; L => Sub-MIP; P => Empty MIP; R => Randomized rounding;
     S => Solve LP; T => Evaluate node; U => Unbounded; X => User solution; Y => HiGHS solution;
     Z => ZI Round; l => Trivial lower; p => Trivial point; u => Trivial upper; z => Trivial zero

        Nodes      |    B&B Tree     |            Objective Bounds              |  Dynamic Constraints |       Work      
Src  Proc. InQueue |  Leaves   Expl. | BestBound       BestSol              Gap |   Cuts   InLp Confl. | LpIters     Time

         0       0         0   0.00%   2.5             2.5                0.00%        0      0      0         0     0.0s

Solving report
  Model             model
  Status            Optimal
  Primal bound      2.5
  Dual bound        2.5
  Gap               0% (tolerance: 0.01%)
  P-D integral      0
  Solution status   feasible
                    2.5 (objective)
                    0 (bound viol.)
                    0 (int. viol.)
                    0 (row viol.)
  Timing            0.00
  Max sub-MIP depth 0
  Nodes             0
  Repair LPs        0
  LP iterations     0
Writing the solution to /var/folders/vw/gdr1xfp14098n0tnwkvtd8hw0000gp/T/des-highs-cli-6x47g0n3/solution.txt
Running HiGHS 1.14.0 (git hash: n/a): Copyright (c) 2026 under MIT licence terms
Command line parsed using CLI11 2.5.0: Copyright (c) 2017-2025 University of Cincinnati
Set option time_limit to 60
Set option solution_file to "/var/folders/vw/gdr1xfp14098n0tnwkvtd8hw0000gp/T/des-highs-cli-itsfgp5u/solution.txt"
MIP model has 15 rows; 12 cols; 45 nonzeros; 12 integer variables (9 binary)
Coefficient ranges:
  Matrix  [1e+00, 2e+00]
  Cost    [1e+00, 1e+02]
  Bound   [1e+00, 2e+00]
  RHS     [1e+00, 1e+00]
Presolving model
15 rows, 12 cols, 45 nonzeros 0s
9 rows, 12 cols, 27 nonzeros 0s
9 rows, 12 cols, 27 nonzeros 0s
Presolve reductions: rows 9(-6); columns 12(-0); nonzeros 27(-18) 
Objective function is integral with scale 1

Solving MIP model with:
   9 rows
   12 cols (9 binary, 3 integer, 0 implied int., 0 continuous, 0 domain fixed)
   27 nonzeros

Src: B => Branching; C => Central rounding; F => Feasibility pump; H => Heuristic;
     I => Shifting; J => Feasibility jump; L => Sub-MIP; P => Empty MIP; R => Randomized rounding;
     S => Solve LP; T => Evaluate node; U => Unbounded; X => User solution; Y => HiGHS solution;
     Z => ZI Round; l => Trivial lower; p => Trivial point; u => Trivial upper; z => Trivial zero

        Nodes      |    B&B Tree     |            Objective Bounds              |  Dynamic Constraints |       Work      
Src  Proc. InQueue |  Leaves   Expl. | BestBound       BestSol              Gap |   Cuts   InLp Confl. | LpIters     Time

 J       0       0         0   0.00%   inf             102                Large        0      0      0         0     0.0s
 T       0       0         0   0.00%   222             210                5.71%        0      0      0         8     0.0s
         1       0         1 100.00%   210             210                0.00%        0      0      0         8     0.0s

Solving report
  Model             model
  Status            Optimal
  Primal bound      210
  Dual bound        210
  Gap               0% (tolerance: 0.01%)
  P-D integral      0.00032111319411
  Solution status   feasible
                    210 (objective)
                    0 (bound viol.)
                    0 (int. viol.)
                    0 (row viol.)
  Timing            0.01
  Max sub-MIP depth 0
  Nodes             1
  Repair LPs        0
  LP iterations     8
                    0 (strong br.)
                    0 (separation)
                    0 (heuristics)
Writing the solution to /var/folders/vw/gdr1xfp14098n0tnwkvtd8hw0000gp/T/des-highs-cli-itsfgp5u/solution.txt
Running HiGHS 1.14.0 (git hash: n/a): Copyright (c) 2026 under MIT licence terms
Command line parsed using CLI11 2.5.0: Copyright (c) 2017-2025 University of Cincinnati
Set option time_limit to 60
Set option solution_file to "/var/folders/vw/gdr1xfp14098n0tnwkvtd8hw0000gp/T/des-highs-cli-kiw0dkk0/solution.txt"
MIP model has 6 rows; 4 cols; 14 nonzeros; 4 integer variables (2 binary)
Coefficient ranges:
  Matrix  [1e+00, 2e+00]
  Cost    [1e+00, 1e+01]
  Bound   [1e+00, 2e+00]
  RHS     [1e+00, 1e+00]
Presolving model
6 rows, 4 cols, 14 nonzeros 0s
4 rows, 3 cols, 10 nonzeros 0s
2 rows, 3 cols, 5 nonzeros 0s
0 rows, 0 cols, 0 nonzeros 0s
Presolve reductions: rows 0(-6); columns 0(-4); nonzeros 0(-14) - Reduced to empty
Presolve: Optimal

Src: B => Branching; C => Central rounding; F => Feasibility pump; H => Heuristic;
     I => Shifting; J => Feasibility jump; L => Sub-MIP; P => Empty MIP; R => Randomized rounding;
     S => Solve LP; T => Evaluate node; U => Unbounded; X => User solution; Y => HiGHS solution;
     Z => ZI Round; l => Trivial lower; p => Trivial point; u => Trivial upper; z => Trivial zero

        Nodes      |    B&B Tree     |            Objective Bounds              |  Dynamic Constraints |       Work      
Src  Proc. InQueue |  Leaves   Expl. | BestBound       BestSol              Gap |   Cuts   InLp Confl. | LpIters     Time

         0       0         0   0.00%   11              11                 0.00%        0      0      0         0     0.0s

Solving report
  Model             model
  Status            Optimal
  Primal bound      11
  Dual bound        11
  Gap               0% (tolerance: 0.01%)
  P-D integral      0
  Solution status   feasible
                    11 (objective)
                    0 (bound viol.)
                    0 (int. viol.)
                    0 (row viol.)
  Timing            0.00
  Max sub-MIP depth 0
  Nodes             0
  Repair LPs        0
  LP iterations     0
Writing the solution to /var/folders/vw/gdr1xfp14098n0tnwkvtd8hw0000gp/T/des-highs-cli-kiw0dkk0/solution.txt
Running HiGHS 1.14.0 (git hash: n/a): Copyright (c) 2026 under MIT licence terms
Command line parsed using CLI11 2.5.0: Copyright (c) 2017-2025 University of Cincinnati
Set option time_limit to 60
Set option solution_file to "/var/folders/vw/gdr1xfp14098n0tnwkvtd8hw0000gp/T/des-highs-cli-8fz3mcu1/solution.txt"
MIP model has 9 rows; 8 cols; 26 nonzeros; 8 integer variables (6 binary)
Coefficient ranges:
  Matrix  [1e+00, 2e+00]
  Cost    [1e+00, 1e+01]
  Bound   [1e+00, 2e+00]
  RHS     [1e+00, 1e+00]
Presolving model
9 rows, 8 cols, 26 nonzeros 0s
5 rows, 8 cols, 14 nonzeros 0s
5 rows, 8 cols, 14 nonzeros 0s
Presolve reductions: rows 5(-4); columns 8(-0); nonzeros 14(-12) 
Objective function is integral with scale 1

Solving MIP model with:
   5 rows
   8 cols (6 binary, 2 integer, 0 implied int., 0 continuous, 0 domain fixed)
   14 nonzeros

Src: B => Branching; C => Central rounding; F => Feasibility pump; H => Heuristic;
     I => Shifting; J => Feasibility jump; L => Sub-MIP; P => Empty MIP; R => Randomized rounding;
     S => Solve LP; T => Evaluate node; U => Unbounded; X => User solution; Y => HiGHS solution;
     Z => ZI Round; l => Trivial lower; p => Trivial point; u => Trivial upper; z => Trivial zero

        Nodes      |    B&B Tree     |            Objective Bounds              |  Dynamic Constraints |       Work      
Src  Proc. InQueue |  Leaves   Expl. | BestBound       BestSol              Gap |   Cuts   InLp Confl. | LpIters     Time

 J       0       0         0   0.00%   inf             20                 Large        0      0      0         0     0.0s
 T       0       0         0   0.00%   21              21                 0.00%        0      0      0         0     0.0s
         1       0         1 100.00%   21              21                 0.00%        0      0      0         0     0.0s

Solving report
  Model             model
  Status            Optimal
  Primal bound      21
  Dual bound        21
  Gap               0% (tolerance: 0.01%)
  P-D integral      7.22295008018e-06
  Solution status   feasible
                    21 (objective)
                    0 (bound viol.)
                    0 (int. viol.)
                    0 (row viol.)
  Timing            0.01
  Max sub-MIP depth 0
  Nodes             1
  Repair LPs        0
  LP iterations     0
Writing the solution to /var/folders/vw/gdr1xfp14098n0tnwkvtd8hw0000gp/T/des-highs-cli-8fz3mcu1/solution.txt
Running HiGHS 1.14.0 (git hash: n/a): Copyright (c) 2026 under MIT licence terms
Command line parsed using CLI11 2.5.0: Copyright (c) 2017-2025 University of Cincinnati
Set option time_limit to 60
Set option solution_file to "/var/folders/vw/gdr1xfp14098n0tnwkvtd8hw0000gp/T/des-highs-cli-7kj5z2yq/solution.txt"
MIP model has 6 rows; 6 cols; 26 nonzeros; 6 integer variables (4 binary)
Coefficient ranges:
  Matrix  [1e+00, 9e+00]
  Cost    [1e+00, 1e+00]
  Bound   [1e+00, 9e+00]
  RHS     [1e+00, 1e+00]
Presolving model
6 rows, 6 cols, 26 nonzeros 0s
3 rows, 6 cols, 13 nonzeros 0s
3 rows, 6 cols, 13 nonzeros 0s
Presolve reductions: rows 3(-3); columns 6(-0); nonzeros 13(-13) 
Objective function is integral with scale 1

Solving MIP model with:
   3 rows
   6 cols (4 binary, 2 integer, 0 implied int., 0 continuous, 0 domain fixed)
   13 nonzeros

Src: B => Branching; C => Central rounding; F => Feasibility pump; H => Heuristic;
     I => Shifting; J => Feasibility jump; L => Sub-MIP; P => Empty MIP; R => Randomized rounding;
     S => Solve LP; T => Evaluate node; U => Unbounded; X => User solution; Y => HiGHS solution;
     Z => ZI Round; l => Trivial lower; p => Trivial point; u => Trivial upper; z => Trivial zero

        Nodes      |    B&B Tree     |            Objective Bounds              |  Dynamic Constraints |       Work      
Src  Proc. InQueue |  Leaves   Expl. | BestBound       BestSol              Gap |   Cuts   InLp Confl. | LpIters     Time

 J       0       0         0 100.00%   inf             9                  Large        0      0      0         0     0.0s
         1       0         1 100.00%   9               9                  0.00%        0      0      0         0     0.0s

Solving report
  Model             model
  Status            Optimal
  Primal bound      9
  Dual bound        9
  Gap               0% (tolerance: 0.01%)
  P-D integral      0
  Solution status   feasible
                    9 (objective)
                    0 (bound viol.)
                    0 (int. viol.)
                    0 (row viol.)
  Timing            0.00
  Max sub-MIP depth 0
  Nodes             1
  Repair LPs        0
  LP iterations     0
Writing the solution to /var/folders/vw/gdr1xfp14098n0tnwkvtd8hw0000gp/T/des-highs-cli-7kj5z2yq/solution.txt
Running HiGHS 1.14.0 (git hash: n/a): Copyright (c) 2026 under MIT licence terms
Command line parsed using CLI11 2.5.0: Copyright (c) 2017-2025 University of Cincinnati
Set option time_limit to 60
Set option solution_file to "/var/folders/vw/gdr1xfp14098n0tnwkvtd8hw0000gp/T/des-highs-cli-bozjypig/solution.txt"
MIP model has 26 rows; 15 cols; 74 nonzeros; 15 integer variables (9 binary)
Coefficient ranges:
  Matrix  [1e+00, 2e+00]
  Cost    [1e+00, 1e+00]
  Bound   [1e+00, 2e+00]
  RHS     [1e+00, 1e+00]
Presolving model
23 rows, 13 cols, 63 nonzeros 0s
8 rows, 4 cols, 20 nonzeros 0s
4 rows, 4 cols, 10 nonzeros 0s
0 rows, 0 cols, 0 nonzeros 0s
Presolve reductions: rows 0(-26); columns 0(-15); nonzeros 0(-74) - Reduced to empty
Presolve: Optimal

Src: B => Branching; C => Central rounding; F => Feasibility pump; H => Heuristic;
     I => Shifting; J => Feasibility jump; L => Sub-MIP; P => Empty MIP; R => Randomized rounding;
     S => Solve LP; T => Evaluate node; U => Unbounded; X => User solution; Y => HiGHS solution;
     Z => ZI Round; l => Trivial lower; p => Trivial point; u => Trivial upper; z => Trivial zero

        Nodes      |    B&B Tree     |            Objective Bounds              |  Dynamic Constraints |       Work      
Src  Proc. InQueue |  Leaves   Expl. | BestBound       BestSol              Gap |   Cuts   InLp Confl. | LpIters     Time

         0       0         0   0.00%   2               2                  0.00%        0      0      0         0     0.0s

Solving report
  Model             model
  Status            Optimal
  Primal bound      2
  Dual bound        2
  Gap               0% (tolerance: 0.01%)
  P-D integral      0
  Solution status   feasible
                    2 (objective)
                    0 (bound viol.)
                    0 (int. viol.)
                    0 (row viol.)
  Timing            0.00
  Max sub-MIP depth 0
  Nodes             0
  Repair LPs        0
  LP iterations     0
Writing the solution to /var/folders/vw/gdr1xfp14098n0tnwkvtd8hw0000gp/T/des-highs-cli-bozjypig/solution.txt
Running HiGHS 1.14.0 (git hash: n/a): Copyright (c) 2026 under MIT licence terms
Command line parsed using CLI11 2.5.0: Copyright (c) 2017-2025 University of Cincinnati
Set option time_limit to 60
Set option solution_file to "/var/folders/vw/gdr1xfp14098n0tnwkvtd8hw0000gp/T/des-highs-cli-cww_jvs_/solution.txt"
MIP model has 22 rows; 15 cols; 66 nonzeros; 15 integer variables (12 binary)
Coefficient ranges:
  Matrix  [1e+00, 3e+00]
  Cost    [1e+01, 1e+01]
  Bound   [1e+00, 2e+00]
  RHS     [1e+00, 2e+00]
Presolving model
22 rows, 15 cols, 66 nonzeros 0s
14 rows, 15 cols, 42 nonzeros 0s
14 rows, 15 cols, 42 nonzeros 0s
Presolve reductions: rows 14(-8); columns 15(-0); nonzeros 42(-24) 
Objective function is integral with scale 0.1

Solving MIP model with:
   14 rows
   15 cols (12 binary, 3 integer, 0 implied int., 0 continuous, 0 domain fixed)
   42 nonzeros

Src: B => Branching; C => Central rounding; F => Feasibility pump; H => Heuristic;
     I => Shifting; J => Feasibility jump; L => Sub-MIP; P => Empty MIP; R => Randomized rounding;
     S => Solve LP; T => Evaluate node; U => Unbounded; X => User solution; Y => HiGHS solution;
     Z => ZI Round; l => Trivial lower; p => Trivial point; u => Trivial upper; z => Trivial zero

        Nodes      |    B&B Tree     |            Objective Bounds              |  Dynamic Constraints |       Work      
Src  Proc. InQueue |  Leaves   Expl. | BestBound       BestSol              Gap |   Cuts   InLp Confl. | LpIters     Time

 J       0       0         0   0.00%   inf             -0                 Large        0      0      0         0     0.0s
 T       0       0         0 100.00%   40              40                 0.00%        0      0      0         2     0.0s
         1       0         1 100.00%   40              40                 0.00%        0      0      0         2     0.0s

Solving report
  Model             model
  Status            Optimal
  Primal bound      40
  Dual bound        40
  Gap               0% (tolerance: 0.01%)
  P-D integral      0
  Solution status   feasible
                    40 (objective)
                    0 (bound viol.)
                    0 (int. viol.)
                    0 (row viol.)
  Timing            0.00
  Max sub-MIP depth 0
  Nodes             1
  Repair LPs        0
  LP iterations     2
                    0 (strong br.)
                    0 (separation)
                    0 (heuristics)
Writing the solution to /var/folders/vw/gdr1xfp14098n0tnwkvtd8hw0000gp/T/des-highs-cli-cww_jvs_/solution.txt
Running HiGHS 1.14.0 (git hash: n/a): Copyright (c) 2026 under MIT licence terms
Command line parsed using CLI11 2.5.0: Copyright (c) 2017-2025 University of Cincinnati
Set option time_limit to 60
Set option solution_file to "/var/folders/vw/gdr1xfp14098n0tnwkvtd8hw0000gp/T/des-highs-cli-di8w967f/solution.txt"
MIP model has 16 rows; 8 cols; 26 nonzeros; 8 integer variables (5 binary)
Coefficient ranges:
  Matrix  [1e+00, 4e+00]
  Cost    [1e+00, 1e+01]
  Bound   [1e+00, 3e+00]
  RHS     [1e+00, 3e+00]
Presolving model
8 rows, 3 cols, 13 nonzeros 0s
0 rows, 0 cols, 0 nonzeros 0s
Presolve reductions: rows 0(-16); columns 0(-8); nonzeros 0(-26) - Reduced to empty
Presolve: Optimal

Src: B => Branching; C => Central rounding; F => Feasibility pump; H => Heuristic;
     I => Shifting; J => Feasibility jump; L => Sub-MIP; P => Empty MIP; R => Randomized rounding;
     S => Solve LP; T => Evaluate node; U => Unbounded; X => User solution; Y => HiGHS solution;
     Z => ZI Round; l => Trivial lower; p => Trivial point; u => Trivial upper; z => Trivial zero

        Nodes      |    B&B Tree     |            Objective Bounds              |  Dynamic Constraints |       Work      
Src  Proc. InQueue |  Leaves   Expl. | BestBound       BestSol              Gap |   Cuts   InLp Confl. | LpIters     Time

         0       0         0   0.00%   12              12                 0.00%        0      0      0         0     0.0s

Solving report
  Model             model
  Status            Optimal
  Primal bound      12
  Dual bound        12
  Gap               0% (tolerance: 0.01%)
  P-D integral      0
  Solution status   feasible
                    12 (objective)
                    0 (bound viol.)
                    0 (int. viol.)
                    0 (row viol.)
  Timing            0.00
  Max sub-MIP depth 0
  Nodes             0
  Repair LPs        0
  LP iterations     0
Writing the solution to /var/folders/vw/gdr1xfp14098n0tnwkvtd8hw0000gp/T/des-highs-cli-di8w967f/solution.txt
Running HiGHS 1.14.0 (git hash: n/a): Copyright (c) 2026 under MIT licence terms
Command line parsed using CLI11 2.5.0: Copyright (c) 2017-2025 University of Cincinnati
Set option time_limit to 60
Set option solution_file to "/var/folders/vw/gdr1xfp14098n0tnwkvtd8hw0000gp/T/des-highs-cli-963ai12t/solution.txt"
MIP model has 40 rows; 20 cols; 91 nonzeros; 20 integer variables (20 binary)
Coefficient ranges:
  Matrix  [1e+00, 1e+00]
  Cost    [2e+00, 4e+00]
  Bound   [1e+00, 1e+00]
  RHS     [1e+00, 1e+00]
Presolving model
39 rows, 19 cols, 86 nonzeros 0s
29 rows, 14 cols, 66 nonzeros 0s
14 rows, 14 cols, 32 nonzeros 0s
0 rows, 1 cols, 0 nonzeros 0s
0 rows, 0 cols, 0 nonzeros 0s
Presolve reductions: rows 0(-40); columns 0(-20); nonzeros 0(-91) - Reduced to empty
Presolve: Optimal

Src: B => Branching; C => Central rounding; F => Feasibility pump; H => Heuristic;
     I => Shifting; J => Feasibility jump; L => Sub-MIP; P => Empty MIP; R => Randomized rounding;
     S => Solve LP; T => Evaluate node; U => Unbounded; X => User solution; Y => HiGHS solution;
     Z => ZI Round; l => Trivial lower; p => Trivial point; u => Trivial upper; z => Trivial zero

        Nodes      |    B&B Tree     |            Objective Bounds              |  Dynamic Constraints |       Work      
Src  Proc. InQueue |  Leaves   Expl. | BestBound       BestSol              Gap |   Cuts   InLp Confl. | LpIters     Time

         0       0         0   0.00%   6               6                  0.00%        0      0      0         0     0.0s

Solving report
  Model             model
  Status            Optimal
  Primal bound      6
  Dual bound        6
  Gap               0% (tolerance: 0.01%)
  P-D integral      0
  Solution status   feasible
                    6 (objective)
                    0 (bound viol.)
                    0 (int. viol.)
                    0 (row viol.)
  Timing            0.00
  Max sub-MIP depth 0
  Nodes             0
  Repair LPs        0
  LP iterations     0
Writing the solution to /var/folders/vw/gdr1xfp14098n0tnwkvtd8hw0000gp/T/des-highs-cli-963ai12t/solution.txt
Running HiGHS 1.14.0 (git hash: n/a): Copyright (c) 2026 under MIT licence terms
Command line parsed using CLI11 2.5.0: Copyright (c) 2017-2025 University of Cincinnati
Set option time_limit to 60
Set option solution_file to "/var/folders/vw/gdr1xfp14098n0tnwkvtd8hw0000gp/T/des-highs-cli-_9ljog08/solution.txt"
MIP model has 8 rows; 5 cols; 16 nonzeros; 5 integer variables (1 binary)
Coefficient ranges:
  Matrix  [1e+00, 8e+00]
  Cost    [1e+00, 1e+00]
  Bound   [1e+00, 5e+00]
  RHS     [2e+00, 5e+00]
Presolving model
3 rows, 2 cols, 5 nonzeros 0s
0 rows, 0 cols, 0 nonzeros 0s
Presolve reductions: rows 0(-8); columns 0(-5); nonzeros 0(-16) - Reduced to empty
Presolve: Optimal

Src: B => Branching; C => Central rounding; F => Feasibility pump; H => Heuristic;
     I => Shifting; J => Feasibility jump; L => Sub-MIP; P => Empty MIP; R => Randomized rounding;
     S => Solve LP; T => Evaluate node; U => Unbounded; X => User solution; Y => HiGHS solution;
     Z => ZI Round; l => Trivial lower; p => Trivial point; u => Trivial upper; z => Trivial zero

        Nodes      |    B&B Tree     |            Objective Bounds              |  Dynamic Constraints |       Work      
Src  Proc. InQueue |  Leaves   Expl. | BestBound       BestSol              Gap |   Cuts   InLp Confl. | LpIters     Time

         0       0         0   0.00%   3               3                  0.00%        0      0      0         0     0.0s

Solving report
  Model             model
  Status            Optimal
  Primal bound      3
  Dual bound        3
  Gap               0% (tolerance: 0.01%)
  P-D integral      0
  Solution status   feasible
                    3 (objective)
                    0 (bound viol.)
                    0 (int. viol.)
                    0 (row viol.)
  Timing            0.00
  Max sub-MIP depth 0
  Nodes             0
  Repair LPs        0
  LP iterations     0
Writing the solution to /var/folders/vw/gdr1xfp14098n0tnwkvtd8hw0000gp/T/des-highs-cli-_9ljog08/solution.txt
Running HiGHS 1.14.0 (git hash: n/a): Copyright (c) 2026 under MIT licence terms
Command line parsed using CLI11 2.5.0: Copyright (c) 2017-2025 University of Cincinnati
Set option time_limit to 60
Set option solution_file to "/var/folders/vw/gdr1xfp14098n0tnwkvtd8hw0000gp/T/des-highs-cli-kthiu92d/solution.txt"
MIP model has 9 rows; 6 cols; 20 nonzeros; 6 integer variables (1 binary)
Coefficient ranges:
  Matrix  [1e+00, 1e+01]
  Cost    [1e+00, 1e+00]
  Bound   [1e+00, 8e+00]
  RHS     [2e+00, 7e+00]
Presolving model
3 rows, 2 cols, 5 nonzeros 0s
0 rows, 1 cols, 0 nonzeros 0s
0 rows, 0 cols, 0 nonzeros 0s
Presolve reductions: rows 0(-9); columns 0(-6); nonzeros 0(-20) - Reduced to empty
Presolve: Optimal

Src: B => Branching; C => Central rounding; F => Feasibility pump; H => Heuristic;
     I => Shifting; J => Feasibility jump; L => Sub-MIP; P => Empty MIP; R => Randomized rounding;
     S => Solve LP; T => Evaluate node; U => Unbounded; X => User solution; Y => HiGHS solution;
     Z => ZI Round; l => Trivial lower; p => Trivial point; u => Trivial upper; z => Trivial zero

        Nodes      |    B&B Tree     |            Objective Bounds              |  Dynamic Constraints |       Work      
Src  Proc. InQueue |  Leaves   Expl. | BestBound       BestSol              Gap |   Cuts   InLp Confl. | LpIters     Time

         0       0         0   0.00%   4               4                  0.00%        0      0      0         0     0.0s

Solving report
  Model             model
  Status            Optimal
  Primal bound      4
  Dual bound        4
  Gap               0% (tolerance: 0.01%)
  P-D integral      0
  Solution status   feasible
                    4 (objective)
                    0 (bound viol.)
                    0 (int. viol.)
                    0 (row viol.)
  Timing            0.00
  Max sub-MIP depth 0
  Nodes             0
  Repair LPs        0
  LP iterations     0
Writing the solution to /var/folders/vw/gdr1xfp14098n0tnwkvtd8hw0000gp/T/des-highs-cli-kthiu92d/solution.txt
Running HiGHS 1.14.0 (git hash: n/a): Copyright (c) 2026 under MIT licence terms
Command line parsed using CLI11 2.5.0: Copyright (c) 2017-2025 University of Cincinnati
Set option time_limit to 60
Set option solution_file to "/var/folders/vw/gdr1xfp14098n0tnwkvtd8hw0000gp/T/des-highs-cli-46lq8qlp/solution.txt"
MIP model has 6 rows; 6 cols; 17 nonzeros; 6 integer variables (2 binary)
Coefficient ranges:
  Matrix  [1e+00, 3e+00]
  Cost    [1e+00, 1e+00]
  Bound   [1e+00, 1e+00]
  RHS     [2e+00, 3e+00]
Presolving model
0 rows, 0 cols, 0 nonzeros 0s
0 rows, 0 cols, 0 nonzeros 0s
Presolve reductions: rows 0(-6); columns 0(-6); nonzeros 0(-17) - Reduced to empty
Presolve: Optimal

Src: B => Branching; C => Central rounding; F => Feasibility pump; H => Heuristic;
     I => Shifting; J => Feasibility jump; L => Sub-MIP; P => Empty MIP; R => Randomized rounding;
     S => Solve LP; T => Evaluate node; U => Unbounded; X => User solution; Y => HiGHS solution;
     Z => ZI Round; l => Trivial lower; p => Trivial point; u => Trivial upper; z => Trivial zero

        Nodes      |    B&B Tree     |            Objective Bounds              |  Dynamic Constraints |       Work      
Src  Proc. InQueue |  Leaves   Expl. | BestBound       BestSol              Gap |   Cuts   InLp Confl. | LpIters     Time

         0       0         0   0.00%   -0              -0                 0.00%        0      0      0         0     0.0s

Solving report
  Model             model
  Status            Optimal
  Primal bound      -0
  Dual bound        -0
  Gap               0% (tolerance: 0.01%)
  P-D integral      0
  Solution status   feasible
                    0 (objective)
                    0 (bound viol.)
                    0 (int. viol.)
                    0 (row viol.)
  Timing            0.00
  Max sub-MIP depth 0
  Nodes             0
  Repair LPs        0
  LP iterations     0
Writing the solution to /var/folders/vw/gdr1xfp14098n0tnwkvtd8hw0000gp/T/des-highs-cli-46lq8qlp/solution.txt
Running HiGHS 1.14.0 (git hash: n/a): Copyright (c) 2026 under MIT licence terms
Command line parsed using CLI11 2.5.0: Copyright (c) 2017-2025 University of Cincinnati
Set option time_limit to 60
Set option solution_file to "/var/folders/vw/gdr1xfp14098n0tnwkvtd8hw0000gp/T/des-highs-cli-pni24m3y/solution.txt"
MIP model has 19 rows; 12 cols; 38 nonzeros; 12 integer variables (4 binary)
Coefficient ranges:
  Matrix  [1e+00, 4e+00]
  Cost    [1e+00, 1e+00]
  Bound   [1e+00, 4e+00]
  RHS     [1e+00, 2e+00]
Presolving model
4 rows, 3 cols, 7 nonzeros 0s
0 rows, 0 cols, 0 nonzeros 0s
Presolve reductions: rows 0(-19); columns 0(-12); nonzeros 0(-38) - Reduced to empty
Presolve: Optimal

Src: B => Branching; C => Central rounding; F => Feasibility pump; H => Heuristic;
     I => Shifting; J => Feasibility jump; L => Sub-MIP; P => Empty MIP; R => Randomized rounding;
     S => Solve LP; T => Evaluate node; U => Unbounded; X => User solution; Y => HiGHS solution;
     Z => ZI Round; l => Trivial lower; p => Trivial point; u => Trivial upper; z => Trivial zero

        Nodes      |    B&B Tree     |            Objective Bounds              |  Dynamic Constraints |       Work      
Src  Proc. InQueue |  Leaves   Expl. | BestBound       BestSol              Gap |   Cuts   InLp Confl. | LpIters     Time

         0       0         0   0.00%   2               2                  0.00%        0      0      0         0     0.0s

Solving report
  Model             model
  Status            Optimal
  Primal bound      2
  Dual bound        2
  Gap               0% (tolerance: 0.01%)
  P-D integral      0
  Solution status   feasible
                    2 (objective)
                    0 (bound viol.)
                    0 (int. viol.)
                    0 (row viol.)
  Timing            0.00
  Max sub-MIP depth 0
  Nodes             0
  Repair LPs        0
  LP iterations     0
Writing the solution to /var/folders/vw/gdr1xfp14098n0tnwkvtd8hw0000gp/T/des-highs-cli-pni24m3y/solution.txt
Running HiGHS 1.14.0 (git hash: n/a): Copyright (c) 2026 under MIT licence terms
Command line parsed using CLI11 2.5.0: Copyright (c) 2017-2025 University of Cincinnati
Set option time_limit to 60
Set option solution_file to "/var/folders/vw/gdr1xfp14098n0tnwkvtd8hw0000gp/T/des-highs-cli-c0j4ni9x/solution.txt"
MIP model has 14 rows; 14 cols; 39 nonzeros; 14 integer variables (5 binary)
Coefficient ranges:
  Matrix  [1e+00, 7e+00]
  Cost    [1e+00, 1e+00]
  Bound   [1e+00, 7e+00]
  RHS     [1e+00, 5e+00]
Presolving model
4 rows, 3 cols, 7 nonzeros 0s
0 rows, 1 cols, 0 nonzeros 0s
0 rows, 0 cols, 0 nonzeros 0s
Presolve reductions: rows 0(-14); columns 0(-14); nonzeros 0(-39) - Reduced to empty
Presolve: Optimal

Src: B => Branching; C => Central rounding; F => Feasibility pump; H => Heuristic;
     I => Shifting; J => Feasibility jump; L => Sub-MIP; P => Empty MIP; R => Randomized rounding;
     S => Solve LP; T => Evaluate node; U => Unbounded; X => User solution; Y => HiGHS solution;
     Z => ZI Round; l => Trivial lower; p => Trivial point; u => Trivial upper; z => Trivial zero

        Nodes      |    B&B Tree     |            Objective Bounds              |  Dynamic Constraints |       Work      
Src  Proc. InQueue |  Leaves   Expl. | BestBound       BestSol              Gap |   Cuts   InLp Confl. | LpIters     Time

         0       0         0   0.00%   3               3                  0.00%        0      0      0         0     0.0s

Solving report
  Model             model
  Status            Optimal
  Primal bound      3
  Dual bound        3
  Gap               0% (tolerance: 0.01%)
  P-D integral      0
  Solution status   feasible
                    3 (objective)
                    0 (bound viol.)
                    0 (int. viol.)
                    0 (row viol.)
  Timing            0.00
  Max sub-MIP depth 0
  Nodes             0
  Repair LPs        0
  LP iterations     0
Writing the solution to /var/folders/vw/gdr1xfp14098n0tnwkvtd8hw0000gp/T/des-highs-cli-c0j4ni9x/solution.txt
Running HiGHS 1.14.0 (git hash: n/a): Copyright (c) 2026 under MIT licence terms
Command line parsed using CLI11 2.5.0: Copyright (c) 2017-2025 University of Cincinnati
Set option time_limit to 60
Set option solution_file to "/var/folders/vw/gdr1xfp14098n0tnwkvtd8hw0000gp/T/des-highs-cli-69ysy3za/solution.txt"
MIP model has 13 rows; 13 cols; 39 nonzeros; 13 integer variables (5 binary)
Coefficient ranges:
  Matrix  [1e+00, 2e+00]
  Cost    [1e+00, 1e+00]
  Bound   [1e+00, 1e+00]
  RHS     [2e+00, 2e+00]
Presolving model
0 rows, 0 cols, 0 nonzeros 0s
0 rows, 0 cols, 0 nonzeros 0s
Presolve reductions: rows 0(-13); columns 0(-13); nonzeros 0(-39) - Reduced to empty
Presolve: Optimal

Src: B => Branching; C => Central rounding; F => Feasibility pump; H => Heuristic;
     I => Shifting; J => Feasibility jump; L => Sub-MIP; P => Empty MIP; R => Randomized rounding;
     S => Solve LP; T => Evaluate node; U => Unbounded; X => User solution; Y => HiGHS solution;
     Z => ZI Round; l => Trivial lower; p => Trivial point; u => Trivial upper; z => Trivial zero

        Nodes      |    B&B Tree     |            Objective Bounds              |  Dynamic Constraints |       Work      
Src  Proc. InQueue |  Leaves   Expl. | BestBound       BestSol              Gap |   Cuts   InLp Confl. | LpIters     Time

         0       0         0   0.00%   -0              -0                 0.00%        0      0      0         0     0.0s

Solving report
  Model             model
  Status            Optimal
  Primal bound      -0
  Dual bound        -0
  Gap               0% (tolerance: 0.01%)
  P-D integral      0
  Solution status   feasible
                    0 (objective)
                    0 (bound viol.)
                    0 (int. viol.)
                    0 (row viol.)
  Timing            0.00
  Max sub-MIP depth 0
  Nodes             0
  Repair LPs        0
  LP iterations     0
Writing the solution to /var/folders/vw/gdr1xfp14098n0tnwkvtd8hw0000gp/T/des-highs-cli-69ysy3za/solution.txt
Running HiGHS 1.14.0 (git hash: n/a): Copyright (c) 2026 under MIT licence terms
Command line parsed using CLI11 2.5.0: Copyright (c) 2017-2025 University of Cincinnati
Set option time_limit to 60
Set option solution_file to "/var/folders/vw/gdr1xfp14098n0tnwkvtd8hw0000gp/T/des-highs-cli-08tri64a/solution.txt"
MIP model has 18 rows; 10 cols; 46 nonzeros; 10 integer variables (6 binary)
Coefficient ranges:
  Matrix  [1e+00, 2e+00]
  Cost    [1e+00, 1e+00]
  Bound   [1e+00, 4e+00]
  RHS     [1e+00, 3e+00]
Presolving model
11 rows, 6 cols, 25 nonzeros 0s
0 rows, 0 cols, 0 nonzeros 0s
Presolve reductions: rows 0(-18); columns 0(-10); nonzeros 0(-46) - Reduced to empty
Presolve: Optimal

Src: B => Branching; C => Central rounding; F => Feasibility pump; H => Heuristic;
     I => Shifting; J => Feasibility jump; L => Sub-MIP; P => Empty MIP; R => Randomized rounding;
     S => Solve LP; T => Evaluate node; U => Unbounded; X => User solution; Y => HiGHS solution;
     Z => ZI Round; l => Trivial lower; p => Trivial point; u => Trivial upper; z => Trivial zero

        Nodes      |    B&B Tree     |            Objective Bounds              |  Dynamic Constraints |       Work      
Src  Proc. InQueue |  Leaves   Expl. | BestBound       BestSol              Gap |   Cuts   InLp Confl. | LpIters     Time

         0       0         0   0.00%   2               2                  0.00%        0      0      0         0     0.0s

Solving report
  Model             model
  Status            Optimal
  Primal bound      2
  Dual bound        2
  Gap               0% (tolerance: 0.01%)
  P-D integral      0
  Solution status   feasible
                    2 (objective)
                    0 (bound viol.)
                    0 (int. viol.)
                    0 (row viol.)
  Timing            0.00
  Max sub-MIP depth 0
  Nodes             0
  Repair LPs        0
  LP iterations     0
Writing the solution to /var/folders/vw/gdr1xfp14098n0tnwkvtd8hw0000gp/T/des-highs-cli-08tri64a/solution.txt
Running HiGHS 1.14.0 (git hash: n/a): Copyright (c) 2026 under MIT licence terms
Command line parsed using CLI11 2.5.0: Copyright (c) 2017-2025 University of Cincinnati
Set option time_limit to 60
Set option solution_file to "/var/folders/vw/gdr1xfp14098n0tnwkvtd8hw0000gp/T/des-highs-cli-keagghua/solution.txt"
MIP model has 20 rows; 12 cols; 57 nonzeros; 12 integer variables (7 binary)
Coefficient ranges:
  Matrix  [1e+00, 3e+00]
  Cost    [1e+00, 1e+00]
  Bound   [1e+00, 5e+00]
  RHS     [1e+00, 3e+00]
Presolving model
14 rows, 9 cols, 45 nonzeros 0s
8 rows, 8 cols, 27 nonzeros 0s
7 rows, 0 cols, 0 nonzeros 0s
0 rows, 0 cols, 0 nonzeros 0s
Presolve reductions: rows 0(-20); columns 0(-12); nonzeros 0(-57) - Reduced to empty
Presolve: Optimal

Src: B => Branching; C => Central rounding; F => Feasibility pump; H => Heuristic;
     I => Shifting; J => Feasibility jump; L => Sub-MIP; P => Empty MIP; R => Randomized rounding;
     S => Solve LP; T => Evaluate node; U => Unbounded; X => User solution; Y => HiGHS solution;
     Z => ZI Round; l => Trivial lower; p => Trivial point; u => Trivial upper; z => Trivial zero

        Nodes      |    B&B Tree     |            Objective Bounds              |  Dynamic Constraints |       Work      
Src  Proc. InQueue |  Leaves   Expl. | BestBound       BestSol              Gap |   Cuts   InLp Confl. | LpIters     Time

         0       0         0   0.00%   3               3                  0.00%        0      0      0         0     0.0s

Solving report
  Model             model
  Status            Optimal
  Primal bound      3
  Dual bound        3
  Gap               0% (tolerance: 0.01%)
  P-D integral      0
  Solution status   feasible
                    3 (objective)
                    0 (bound viol.)
                    0 (int. viol.)
                    0 (row viol.)
  Timing            0.00
  Max sub-MIP depth 0
  Nodes             0
  Repair LPs        0
  LP iterations     0
Writing the solution to /var/folders/vw/gdr1xfp14098n0tnwkvtd8hw0000gp/T/des-highs-cli-keagghua/solution.txt
Running HiGHS 1.14.0 (git hash: n/a): Copyright (c) 2026 under MIT licence terms
Command line parsed using CLI11 2.5.0: Copyright (c) 2017-2025 University of Cincinnati
Set option time_limit to 60
Set option solution_file to "/var/folders/vw/gdr1xfp14098n0tnwkvtd8hw0000gp/T/des-highs-cli-tafezr6z/solution.txt"
MIP model has 21 rows; 11 cols; 47 nonzeros; 11 integer variables (7 binary)
Coefficient ranges:
  Matrix  [1e+00, 2e+00]
  Cost    [1e+00, 1e+00]
  Bound   [1e+00, 4e+00]
  RHS     [1e+00, 3e+00]
Presolving model
6 rows, 3 cols, 10 nonzeros 0s
0 rows, 0 cols, 0 nonzeros 0s
Presolve reductions: rows 0(-21); columns 0(-11); nonzeros 0(-47) - Reduced to empty
Presolve: Optimal

Src: B => Branching; C => Central rounding; F => Feasibility pump; H => Heuristic;
     I => Shifting; J => Feasibility jump; L => Sub-MIP; P => Empty MIP; R => Randomized rounding;
     S => Solve LP; T => Evaluate node; U => Unbounded; X => User solution; Y => HiGHS solution;
     Z => ZI Round; l => Trivial lower; p => Trivial point; u => Trivial upper; z => Trivial zero

        Nodes      |    B&B Tree     |            Objective Bounds              |  Dynamic Constraints |       Work      
Src  Proc. InQueue |  Leaves   Expl. | BestBound       BestSol              Gap |   Cuts   InLp Confl. | LpIters     Time

         0       0         0   0.00%   2               2                  0.00%        0      0      0         0     0.0s

Solving report
  Model             model
  Status            Optimal
  Primal bound      2
  Dual bound        2
  Gap               0% (tolerance: 0.01%)
  P-D integral      0
  Solution status   feasible
                    2 (objective)
                    0 (bound viol.)
                    0 (int. viol.)
                    0 (row viol.)
  Timing            0.00
  Max sub-MIP depth 0
  Nodes             0
  Repair LPs        0
  LP iterations     0
Writing the solution to /var/folders/vw/gdr1xfp14098n0tnwkvtd8hw0000gp/T/des-highs-cli-tafezr6z/solution.txt
Running HiGHS 1.14.0 (git hash: n/a): Copyright (c) 2026 under MIT licence terms
Command line parsed using CLI11 2.5.0: Copyright (c) 2017-2025 University of Cincinnati
Set option time_limit to 60
Set option solution_file to "/var/folders/vw/gdr1xfp14098n0tnwkvtd8hw0000gp/T/des-highs-cli-0r9426cb/solution.txt"
MIP model has 14 rows; 7 cols; 23 nonzeros; 7 integer variables (3 binary)
Coefficient ranges:
  Matrix  [1e+00, 3e+00]
  Cost    [1e+00, 1e+00]
  Bound   [1e+00, 1e+00]
  RHS     [1e+00, 3e+00]
Presolving model
0 rows, 0 cols, 0 nonzeros 0s
0 rows, 0 cols, 0 nonzeros 0s
Presolve reductions: rows 0(-14); columns 0(-7); nonzeros 0(-23) - Reduced to empty
Presolve: Optimal

Src: B => Branching; C => Central rounding; F => Feasibility pump; H => Heuristic;
     I => Shifting; J => Feasibility jump; L => Sub-MIP; P => Empty MIP; R => Randomized rounding;
     S => Solve LP; T => Evaluate node; U => Unbounded; X => User solution; Y => HiGHS solution;
     Z => ZI Round; l => Trivial lower; p => Trivial point; u => Trivial upper; z => Trivial zero

        Nodes      |    B&B Tree     |            Objective Bounds              |  Dynamic Constraints |       Work      
Src  Proc. InQueue |  Leaves   Expl. | BestBound       BestSol              Gap |   Cuts   InLp Confl. | LpIters     Time

         0       0         0   0.00%   -0              -0                 0.00%        0      0      0         0     0.0s

Solving report
  Model             model
  Status            Optimal
  Primal bound      -0
  Dual bound        -0
  Gap               0% (tolerance: 0.01%)
  P-D integral      0
  Solution status   feasible
                    0 (objective)
                    0 (bound viol.)
                    0 (int. viol.)
                    0 (row viol.)
  Timing            0.00
  Max sub-MIP depth 0
  Nodes             0
  Repair LPs        0
  LP iterations     0
Writing the solution to /var/folders/vw/gdr1xfp14098n0tnwkvtd8hw0000gp/T/des-highs-cli-0r9426cb/solution.txt
Running HiGHS 1.14.0 (git hash: n/a): Copyright (c) 2026 under MIT licence terms
Command line parsed using CLI11 2.5.0: Copyright (c) 2017-2025 University of Cincinnati
Set option time_limit to 60
Set option solution_file to "/var/folders/vw/gdr1xfp14098n0tnwkvtd8hw0000gp/T/des-highs-cli-hc33ags5/solution.txt"
MIP model has 14 rows; 6 cols; 34 nonzeros; 6 integer variables (4 binary)
Coefficient ranges:
  Matrix  [1e+00, 2e+00]
  Cost    [1e+00, 1e+00]
  Bound   [1e+00, 2e+00]
  RHS     [1e+00, 2e+00]
Presolving model
5 rows, 3 cols, 12 nonzeros 0s
0 rows, 0 cols, 0 nonzeros 0s
Presolve reductions: rows 0(-14); columns 0(-6); nonzeros 0(-34) - Reduced to empty
Presolve: Optimal

Src: B => Branching; C => Central rounding; F => Feasibility pump; H => Heuristic;
     I => Shifting; J => Feasibility jump; L => Sub-MIP; P => Empty MIP; R => Randomized rounding;
     S => Solve LP; T => Evaluate node; U => Unbounded; X => User solution; Y => HiGHS solution;
     Z => ZI Round; l => Trivial lower; p => Trivial point; u => Trivial upper; z => Trivial zero

        Nodes      |    B&B Tree     |            Objective Bounds              |  Dynamic Constraints |       Work      
Src  Proc. InQueue |  Leaves   Expl. | BestBound       BestSol              Gap |   Cuts   InLp Confl. | LpIters     Time

         0       0         0   0.00%   -0              -0                 0.00%        0      0      0         0     0.0s

Solving report
  Model             model
  Status            Optimal
  Primal bound      -0
  Dual bound        -0
  Gap               0% (tolerance: 0.01%)
  P-D integral      0
  Solution status   feasible
                    0 (objective)
                    0 (bound viol.)
                    0 (int. viol.)
                    0 (row viol.)
  Timing            0.00
  Max sub-MIP depth 0
  Nodes             0
  Repair LPs        0
  LP iterations     0
Writing the solution to /var/folders/vw/gdr1xfp14098n0tnwkvtd8hw0000gp/T/des-highs-cli-hc33ags5/solution.txt
Running HiGHS 1.14.0 (git hash: n/a): Copyright (c) 2026 under MIT licence terms
Command line parsed using CLI11 2.5.0: Copyright (c) 2017-2025 University of Cincinnati
Set option time_limit to 60
Set option solution_file to "/var/folders/vw/gdr1xfp14098n0tnwkvtd8hw0000gp/T/des-highs-cli-laawo6k8/solution.txt"
MIP model has 6 rows; 3 cols; 8 nonzeros; 3 integer variables (2 binary)
Coefficient ranges:
  Matrix  [1e+00, 3e+00]
  Cost    [1e+00, 1e+00]
  Bound   [1e+00, 1e+00]
  RHS     [2e+00, 2e+00]
Presolving model
2 rows, 1 cols, 2 nonzeros 0s
0 rows, 0 cols, 0 nonzeros 0s
Presolve reductions: rows 0(-6); columns 0(-3); nonzeros 0(-8) - Reduced to empty
Presolve: Optimal

Src: B => Branching; C => Central rounding; F => Feasibility pump; H => Heuristic;
     I => Shifting; J => Feasibility jump; L => Sub-MIP; P => Empty MIP; R => Randomized rounding;
     S => Solve LP; T => Evaluate node; U => Unbounded; X => User solution; Y => HiGHS solution;
     Z => ZI Round; l => Trivial lower; p => Trivial point; u => Trivial upper; z => Trivial zero

        Nodes      |    B&B Tree     |            Objective Bounds              |  Dynamic Constraints |       Work      
Src  Proc. InQueue |  Leaves   Expl. | BestBound       BestSol              Gap |   Cuts   InLp Confl. | LpIters     Time

         0       0         0   0.00%   -0              -0                 0.00%        0      0      0         0     0.0s

Solving report
  Model             model
  Status            Optimal
  Primal bound      -0
  Dual bound        -0
  Gap               0% (tolerance: 0.01%)
  P-D integral      0
  Solution status   feasible
                    0 (objective)
                    0 (bound viol.)
                    0 (int. viol.)
                    0 (row viol.)
  Timing            0.00
  Max sub-MIP depth 0
  Nodes             0
  Repair LPs        0
  LP iterations     0
Writing the solution to /var/folders/vw/gdr1xfp14098n0tnwkvtd8hw0000gp/T/des-highs-cli-laawo6k8/solution.txt
Running HiGHS 1.14.0 (git hash: n/a): Copyright (c) 2026 under MIT licence terms
Command line parsed using CLI11 2.5.0: Copyright (c) 2017-2025 University of Cincinnati
Set option time_limit to 60
Set option solution_file to "/var/folders/vw/gdr1xfp14098n0tnwkvtd8hw0000gp/T/des-highs-cli-b6_yx4ah/solution.txt"
MIP model has 1 row; 3 cols; 3 nonzeros; 3 integer variables (3 binary)
Coefficient ranges:
  Matrix  [1e+01, 3e+01]
  Cost    [6e+01, 1e+02]
  Bound   [1e+00, 1e+00]
  RHS     [5e+01, 5e+01]
Presolving model
1 rows, 0 cols, 0 nonzeros 0s
0 rows, 0 cols, 0 nonzeros 0s
Presolve reductions: rows 0(-1); columns 0(-3); nonzeros 0(-3) - Reduced to empty
Presolve: Optimal

Src: B => Branching; C => Central rounding; F => Feasibility pump; H => Heuristic;
     I => Shifting; J => Feasibility jump; L => Sub-MIP; P => Empty MIP; R => Randomized rounding;
     S => Solve LP; T => Evaluate node; U => Unbounded; X => User solution; Y => HiGHS solution;
     Z => ZI Round; l => Trivial lower; p => Trivial point; u => Trivial upper; z => Trivial zero

        Nodes      |    B&B Tree     |            Objective Bounds              |  Dynamic Constraints |       Work      
Src  Proc. InQueue |  Leaves   Expl. | BestBound       BestSol              Gap |   Cuts   InLp Confl. | LpIters     Time

         0       0         0   0.00%   220             220                0.00%        0      0      0         0     0.0s

Solving report
  Model             model
  Status            Optimal
  Primal bound      220
  Dual bound        220
  Gap               0% (tolerance: 0.01%)
  P-D integral      0
  Solution status   feasible
                    220 (objective)
                    0 (bound viol.)
                    0 (int. viol.)
                    0 (row viol.)
  Timing            0.00
  Max sub-MIP depth 0
  Nodes             0
  Repair LPs        0
  LP iterations     0
Writing the solution to /var/folders/vw/gdr1xfp14098n0tnwkvtd8hw0000gp/T/des-highs-cli-b6_yx4ah/solution.txt
Running HiGHS 1.14.0 (git hash: n/a): Copyright (c) 2026 under MIT licence terms
Command line parsed using CLI11 2.5.0: Copyright (c) 2017-2025 University of Cincinnati
Set option time_limit to 60
Set option solution_file to "/var/folders/vw/gdr1xfp14098n0tnwkvtd8hw0000gp/T/des-highs-cli-4fev1yt_/solution.txt"
Set option mip_max_nodes to 3
Set option mip_rel_gap to 0.25
MIP model has 1 row; 3 cols; 3 nonzeros; 3 integer variables (3 binary)
Coefficient ranges:
  Matrix  [1e+01, 3e+01]
  Cost    [6e+01, 1e+02]
  Bound   [1e+00, 1e+00]
  RHS     [5e+01, 5e+01]
Presolving model
1 rows, 0 cols, 0 nonzeros 0s
0 rows, 0 cols, 0 nonzeros 0s
Presolve reductions: rows 0(-1); columns 0(-3); nonzeros 0(-3) - Reduced to empty
Presolve: Optimal

Src: B => Branching; C => Central rounding; F => Feasibility pump; H => Heuristic;
     I => Shifting; J => Feasibility jump; L => Sub-MIP; P => Empty MIP; R => Randomized rounding;
     S => Solve LP; T => Evaluate node; U => Unbounded; X => User solution; Y => HiGHS solution;
     Z => ZI Round; l => Trivial lower; p => Trivial point; u => Trivial upper; z => Trivial zero

        Nodes      |    B&B Tree     |            Objective Bounds              |  Dynamic Constraints |       Work      
Src  Proc. InQueue |  Leaves   Expl. | BestBound       BestSol              Gap |   Cuts   InLp Confl. | LpIters     Time

         0       0         0   0.00%   220             220                0.00%        0      0      0         0     0.0s

Solving report
  Model             model
  Status            Optimal
  Primal bound      220
  Dual bound        220
  Gap               0% (tolerance: 25%)
  P-D integral      0
  Solution status   feasible
                    220 (objective)
                    0 (bound viol.)
                    0 (int. viol.)
                    0 (row viol.)
  Timing            0.00
  Max sub-MIP depth 0
  Nodes             0
  Repair LPs        0
  LP iterations     0
Writing the solution to /var/folders/vw/gdr1xfp14098n0tnwkvtd8hw0000gp/T/des-highs-cli-4fev1yt_/solution.txt
Running HiGHS 1.14.0 (git hash: n/a): Copyright (c) 2026 under MIT licence terms
Command line parsed using CLI11 2.5.0: Copyright (c) 2017-2025 University of Cincinnati
Set option time_limit to 60
Set option solution_file to "/var/folders/vw/gdr1xfp14098n0tnwkvtd8hw0000gp/T/des-highs-cli-wg7hd3ti/solution.txt"
MIP model has 13 rows; 9 cols; 27 nonzeros; 9 integer variables (9 binary)
Coefficient ranges:
  Matrix  [1e+00, 1e+00]
  Cost    [1e+00, 4e+00]
  Bound   [1e+00, 1e+00]
  RHS     [1e+00, 2e+00]
Presolving model
13 rows, 3 cols, 3 nonzeros 0s
0 rows, 0 cols, 0 nonzeros 0s
Presolve reductions: rows 0(-13); columns 0(-9); nonzeros 0(-27) - Reduced to empty
Presolve: Optimal

Src: B => Branching; C => Central rounding; F => Feasibility pump; H => Heuristic;
     I => Shifting; J => Feasibility jump; L => Sub-MIP; P => Empty MIP; R => Randomized rounding;
     S => Solve LP; T => Evaluate node; U => Unbounded; X => User solution; Y => HiGHS solution;
     Z => ZI Round; l => Trivial lower; p => Trivial point; u => Trivial upper; z => Trivial zero

        Nodes      |    B&B Tree     |            Objective Bounds              |  Dynamic Constraints |       Work      
Src  Proc. InQueue |  Leaves   Expl. | BestBound       BestSol              Gap |   Cuts   InLp Confl. | LpIters     Time

         0       0         0   0.00%   6               6                  0.00%        0      0      0         0     0.0s

Solving report
  Model             model
  Status            Optimal
  Primal bound      6
  Dual bound        6
  Gap               0% (tolerance: 0.01%)
  P-D integral      0
  Solution status   feasible
                    6 (objective)
                    0 (bound viol.)
                    0 (int. viol.)
                    0 (row viol.)
  Timing            0.00
  Max sub-MIP depth 0
  Nodes             0
  Repair LPs        0
  LP iterations     0
Writing the solution to /var/folders/vw/gdr1xfp14098n0tnwkvtd8hw0000gp/T/des-highs-cli-wg7hd3ti/solution.txt
Running HiGHS 1.14.0 (git hash: n/a): Copyright (c) 2026 under MIT licence terms
Command line parsed using CLI11 2.5.0: Copyright (c) 2017-2025 University of Cincinnati
Set option time_limit to 60
Set option solution_file to "/var/folders/vw/gdr1xfp14098n0tnwkvtd8hw0000gp/T/des-highs-cli-6digag9y/solution.txt"
MIP model has 14 rows; 9 cols; 30 nonzeros; 9 integer variables (9 binary)
Coefficient ranges:
  Matrix  [1e+00, 1e+00]
  Cost    [1e+00, 4e+00]
  Bound   [1e+00, 1e+00]
  RHS     [1e+00, 2e+00]
Presolving model
14 rows, 5 cols, 14 nonzeros 0s
4 rows, 4 cols, 10 nonzeros 0s
2 rows, 3 cols, 6 nonzeros 0s
0 rows, 0 cols, 0 nonzeros 0s
Presolve reductions: rows 0(-14); columns 0(-9); nonzeros 0(-30) - Reduced to empty
Presolve: Optimal

Src: B => Branching; C => Central rounding; F => Feasibility pump; H => Heuristic;
     I => Shifting; J => Feasibility jump; L => Sub-MIP; P => Empty MIP; R => Randomized rounding;
     S => Solve LP; T => Evaluate node; U => Unbounded; X => User solution; Y => HiGHS solution;
     Z => ZI Round; l => Trivial lower; p => Trivial point; u => Trivial upper; z => Trivial zero

        Nodes      |    B&B Tree     |            Objective Bounds              |  Dynamic Constraints |       Work      
Src  Proc. InQueue |  Leaves   Expl. | BestBound       BestSol              Gap |   Cuts   InLp Confl. | LpIters     Time

         0       0         0   0.00%   5               5                  0.00%        0      0      0         0     0.0s

Solving report
  Model             model
  Status            Optimal
  Primal bound      5
  Dual bound        5
  Gap               0% (tolerance: 0.01%)
  P-D integral      0
  Solution status   feasible
                    5 (objective)
                    0 (bound viol.)
                    0 (int. viol.)
                    0 (row viol.)
  Timing            0.00
  Max sub-MIP depth 0
  Nodes             0
  Repair LPs        0
  LP iterations     0
Writing the solution to /var/folders/vw/gdr1xfp14098n0tnwkvtd8hw0000gp/T/des-highs-cli-6digag9y/solution.txt
Running HiGHS 1.14.0 (git hash: n/a): Copyright (c) 2026 under MIT licence terms
Command line parsed using CLI11 2.5.0: Copyright (c) 2017-2025 University of Cincinnati
Set option time_limit to 60
Set option solution_file to "/var/folders/vw/gdr1xfp14098n0tnwkvtd8hw0000gp/T/des-highs-cli-ivr9x1dm/solution.txt"
MIP model has 15 rows; 9 cols; 33 nonzeros; 9 integer variables (9 binary)
Coefficient ranges:
  Matrix  [1e+00, 1e+00]
  Cost    [1e+00, 4e+00]
  Bound   [1e+00, 1e+00]
  RHS     [1e+00, 2e+00]
Presolving model
15 rows, 7 cols, 25 nonzeros 0s
7 rows, 5 cols, 17 nonzeros 0s
5 rows, 5 cols, 13 nonzeros 0s
3 rows, 3 cols, 9 nonzeros 0s
Presolve reductions: rows 3(-12); columns 3(-6); nonzeros 9(-24) 
Objective function is integral with scale 1

Solving MIP model with:
   3 rows
   3 cols (3 binary, 0 integer, 0 implied int., 0 continuous, 0 domain fixed)
   9 nonzeros

Src: B => Branching; C => Central rounding; F => Feasibility pump; H => Heuristic;
     I => Shifting; J => Feasibility jump; L => Sub-MIP; P => Empty MIP; R => Randomized rounding;
     S => Solve LP; T => Evaluate node; U => Unbounded; X => User solution; Y => HiGHS solution;
     Z => ZI Round; l => Trivial lower; p => Trivial point; u => Trivial upper; z => Trivial zero

        Nodes      |    B&B Tree     |            Objective Bounds              |  Dynamic Constraints |       Work      
Src  Proc. InQueue |  Leaves   Expl. | BestBound       BestSol              Gap |   Cuts   InLp Confl. | LpIters     Time

 z       0       0         0   0.00%   inf             -0                 Large        0      0      0         0     0.0s
 J       0       0         0   0.00%   inf             4                  Large        0      0      0         0     0.0s
         1       0         1 100.00%   4               4                  0.00%        0      0      1         0     0.0s

Solving report
  Model             model
  Status            Optimal
  Primal bound      4
  Dual bound        4
  Gap               0% (tolerance: 0.01%)
  P-D integral      0.00014489024943
  Solution status   feasible
                    4 (objective)
                    0 (bound viol.)
                    0 (int. viol.)
                    0 (row viol.)
  Timing            0.01
  Max sub-MIP depth 0
  Nodes             1
  Repair LPs        0
  LP iterations     0
Writing the solution to /var/folders/vw/gdr1xfp14098n0tnwkvtd8hw0000gp/T/des-highs-cli-ivr9x1dm/solution.txt
Running HiGHS 1.14.0 (git hash: n/a): Copyright (c) 2026 under MIT licence terms
Command line parsed using CLI11 2.5.0: Copyright (c) 2017-2025 University of Cincinnati
Set option time_limit to 60
Set option solution_file to "/var/folders/vw/gdr1xfp14098n0tnwkvtd8hw0000gp/T/des-highs-cli-zhuep37j/solution.txt"
MIP model has 2 rows; 1 col; 2 nonzeros; 1 integer variables (1 binary)
Coefficient ranges:
  Matrix  [1e+00, 1e+00]
  Cost    [0e+00, 0e+00]
  Bound   [1e+00, 1e+00]
  RHS     [1e+00, 1e+00]
Presolving model
Presolve: Infeasible

Src: B => Branching; C => Central rounding; F => Feasibility pump; H => Heuristic;
     I => Shifting; J => Feasibility jump; L => Sub-MIP; P => Empty MIP; R => Randomized rounding;
     S => Solve LP; T => Evaluate node; U => Unbounded; X => User solution; Y => HiGHS solution;
     Z => ZI Round; l => Trivial lower; p => Trivial point; u => Trivial upper; z => Trivial zero

        Nodes      |    B&B Tree     |            Objective Bounds              |  Dynamic Constraints |       Work      
Src  Proc. InQueue |  Leaves   Expl. | BestBound       BestSol              Gap |   Cuts   InLp Confl. | LpIters     Time

         0       0         0   0.00%   -inf            inf                  inf        0      0      0         0     0.0s

Solving report
  Model             model
  Status            Infeasible
  Primal bound      inf
  Dual bound        -inf
  Gap               inf
  P-D integral      0
  Solution status   -
  Timing            0.00
  Max sub-MIP depth 0
  Nodes             0
  Repair LPs        0
  LP iterations     0
Writing the solution to /var/folders/vw/gdr1xfp14098n0tnwkvtd8hw0000gp/T/des-highs-cli-zhuep37j/solution.txt
Running HiGHS 1.14.0 (git hash: n/a): Copyright (c) 2026 under MIT licence terms
Command line parsed using CLI11 2.5.0: Copyright (c) 2017-2025 University of Cincinnati
Set option time_limit to 60
Set option solution_file to "/var/folders/vw/gdr1xfp14098n0tnwkvtd8hw0000gp/T/des-highs-cli-rdt07wta/solution.txt"
LP model has 2 rows; 3 cols; 4 nonzeros
Coefficient ranges:
  Matrix  [1e+00, 1e+00]
  Cost    [1e+00, 1e+01]
  Bound   [0e+00, 0e+00]
  RHS     [1e+00, 2e+00]
Presolving model
2 rows, 3 cols, 4 nonzeros 0s
1 rows, 2 cols, 2 nonzeros 0s
0 rows, 0 cols, 0 nonzeros 0s
Presolve reductions: rows 0(-2); columns 0(-3); nonzeros 0(-4) - Reduced to empty
Performed postsolve
Solving the original LP from the solution after postsolve

Model name          : model
Model status        : Optimal
Objective value     :  1.0000000000e+00
P-D objective error :  0.0000000000e+00
HiGHS run time      :          0.00
Writing the solution to /var/folders/vw/gdr1xfp14098n0tnwkvtd8hw0000gp/T/des-highs-cli-rdt07wta/solution.txt
Running HiGHS 1.14.0 (git hash: n/a): Copyright (c) 2026 under MIT licence terms
Command line parsed using CLI11 2.5.0: Copyright (c) 2017-2025 University of Cincinnati
Set option time_limit to 5
Set option solution_file to "/private/tmp/ores-highs-options.f8DQRK/solution.sol"
Set option mip_max_nodes to 0
Set option mip_rel_gap to 0.25
MIP model has 1 row; 2 cols; 2 nonzeros; 2 integer variables (2 binary)
Coefficient ranges:
  Matrix  [1e+00, 1e+00]
  Cost    [1e+01, 1e+01]
  Bound   [1e+00, 1e+00]
  RHS     [1e+00, 1e+00]
Presolving model
1 rows, 0 cols, 0 nonzeros 0s
0 rows, 0 cols, 0 nonzeros 0s
Presolve reductions: rows 0(-1); columns 0(-2); nonzeros 0(-2) - Reduced to empty
Presolve: Optimal

Src: B => Branching; C => Central rounding; F => Feasibility pump; H => Heuristic;
     I => Shifting; J => Feasibility jump; L => Sub-MIP; P => Empty MIP; R => Randomized rounding;
     S => Solve LP; T => Evaluate node; U => Unbounded; X => User solution; Y => HiGHS solution;
     Z => ZI Round; l => Trivial lower; p => Trivial point; u => Trivial upper; z => Trivial zero

        Nodes      |    B&B Tree     |            Objective Bounds              |  Dynamic Constraints |       Work      
Src  Proc. InQueue |  Leaves   Expl. | BestBound       BestSol              Gap |   Cuts   InLp Confl. | LpIters     Time

         0       0         0   0.00%   10.5            10.5               0.00%        0      0      0         0     0.0s

Solving report
  Model             model
  Status            Optimal
  Primal bound      10.5
  Dual bound        10.5
  Gap               0% (tolerance: 25%)
  P-D integral      0
  Solution status   feasible
                    10.5 (objective)
                    0 (bound viol.)
                    0 (int. viol.)
                    0 (row viol.)
  Timing            0.00
  Max sub-MIP depth 0
  Nodes             0
  Repair LPs        0
  LP iterations     0
Writing the solution to /private/tmp/ores-highs-options.f8DQRK/solution.sol
